-- =============================================================
-- 探校之旅 —— 数据库种子快照（结构 + 内容数据，供测试组本地建库）
-- 生成自开发库 tanxiaozhilv，已剔除用户运行时数据（users/存档/问答等留空）。
-- 用法（Windows）：
--   CREATE DATABASE IF NOT EXISTS tanxiaozhilv DEFAULT CHARSET utf8mb4;
--   mysql -u root -p tanxiaozhilv < tanxiaozhilv_seed_snapshot.sql
-- 需 MySQL 8.0+（用到 JSON 字段与 ngram 全文索引）。
-- =============================================================
SET NAMES utf8mb4;
SET FOREIGN_KEY_CHECKS=0;


/*!40101 SET @OLD_CHARACTER_SET_CLIENT=@@CHARACTER_SET_CLIENT */;
/*!40101 SET @OLD_CHARACTER_SET_RESULTS=@@CHARACTER_SET_RESULTS */;
/*!40101 SET @OLD_COLLATION_CONNECTION=@@COLLATION_CONNECTION */;
/*!50503 SET NAMES utf8mb4 */;
/*!40103 SET @OLD_TIME_ZONE=@@TIME_ZONE */;
/*!40103 SET TIME_ZONE='+00:00' */;
/*!40014 SET @OLD_UNIQUE_CHECKS=@@UNIQUE_CHECKS, UNIQUE_CHECKS=0 */;
/*!40014 SET @OLD_FOREIGN_KEY_CHECKS=@@FOREIGN_KEY_CHECKS, FOREIGN_KEY_CHECKS=0 */;
/*!40101 SET @OLD_SQL_MODE=@@SQL_MODE, SQL_MODE='NO_AUTO_VALUE_ON_ZERO' */;
/*!40111 SET @OLD_SQL_NOTES=@@SQL_NOTES, SQL_NOTES=0 */;
DROP TABLE IF EXISTS `admins`;
/*!40101 SET @saved_cs_client     = @@character_set_client */;
/*!50503 SET character_set_client = utf8mb4 */;
CREATE TABLE `admins` (
  `id` int(11) NOT NULL AUTO_INCREMENT,
  `username` varchar(50) NOT NULL,
  `password_hash` varchar(128) NOT NULL,
  `failed_count` int(11) DEFAULT '0',
  `locked_until` datetime DEFAULT NULL,
  `created_at` datetime DEFAULT CURRENT_TIMESTAMP,
  PRIMARY KEY (`id`),
  UNIQUE KEY `username` (`username`)
) ENGINE=InnoDB AUTO_INCREMENT=4 DEFAULT CHARSET=utf8mb4 COLLATE=utf8mb4_0900_ai_ci COMMENT='管理员账号';
/*!40101 SET character_set_client = @saved_cs_client */;
DROP TABLE IF EXISTS `badges`;
/*!40101 SET @saved_cs_client     = @@character_set_client */;
/*!50503 SET character_set_client = utf8mb4 */;
CREATE TABLE `badges` (
  `id` int(11) NOT NULL AUTO_INCREMENT,
  `code` varchar(50) NOT NULL COMMENT '勋章编码，前端硬编码依赖，如 badge_campus',
  `name` varchar(50) NOT NULL COMMENT '勋章名称',
  `icon_url` varchar(255) NOT NULL COMMENT '勋章图标路径（原样字符串，后端不做拼接）',
  `description` varchar(255) DEFAULT NULL COMMENT '勋章描述',
  `condition_text` varchar(255) DEFAULT NULL COMMENT '达成条件文案',
  `sort_order` int(11) NOT NULL DEFAULT '0' COMMENT '勋章墙展示顺序',
  `detail` text COMMENT '徽章详情长文（如时间徽章的全部开放时间/价格）',
  PRIMARY KEY (`id`),
  UNIQUE KEY `uk_badge_code` (`code`)
) ENGINE=InnoDB AUTO_INCREMENT=26 DEFAULT CHARSET=utf8mb4 COLLATE=utf8mb4_0900_ai_ci COMMENT='勋章定义';
/*!40101 SET character_set_client = @saved_cs_client */;
DROP TABLE IF EXISTS `campus_maps`;
/*!40101 SET @saved_cs_client     = @@character_set_client */;
/*!50503 SET character_set_client = utf8mb4 */;
CREATE TABLE `campus_maps` (
  `id` int(11) NOT NULL AUTO_INCREMENT,
  `name` varchar(100) NOT NULL,
  `image_url` varchar(255) NOT NULL COMMENT '原样字符串，后端不做拼接',
  `version` varchar(20) NOT NULL DEFAULT 'v1',
  `is_active` tinyint(1) NOT NULL DEFAULT '0',
  `upload_time` datetime DEFAULT CURRENT_TIMESTAMP,
  PRIMARY KEY (`id`),
  UNIQUE KEY `uk_map_name_version` (`name`,`version`),
  KEY `idx_map_active` (`is_active`)
) ENGINE=InnoDB AUTO_INCREMENT=5 DEFAULT CHARSET=utf8mb4 COLLATE=utf8mb4_0900_ai_ci COMMENT='校园地图';
/*!40101 SET character_set_client = @saved_cs_client */;
DROP TABLE IF EXISTS `kb_entries`;
/*!40101 SET @saved_cs_client     = @@character_set_client */;
/*!50503 SET character_set_client = utf8mb4 */;
CREATE TABLE `kb_entries` (
  `id` int(11) NOT NULL AUTO_INCREMENT,
  `category` varchar(50) NOT NULL COMMENT '分类：app_usage/办事流程/地点/电话/时间/找谁办/其他',
  `question` varchar(255) NOT NULL COMMENT '问题或主题（用户会怎么问）',
  `answer` text NOT NULL COMMENT '准确、简洁的答案',
  `keywords` varchar(255) NOT NULL DEFAULT '' COMMENT '补充检索关键词，空格分隔',
  `contact` varchar(255) NOT NULL DEFAULT '' COMMENT '相关电话/地点/时间',
  `source` varchar(255) NOT NULL DEFAULT '' COMMENT '来源（官网/新生手册/某部门）',
  `images` json DEFAULT NULL COMMENT '配图 [{url,desc}]',
  `status` enum('enabled','draft') NOT NULL DEFAULT 'enabled' COMMENT 'draft 不参与检索',
  `updated_at` datetime DEFAULT CURRENT_TIMESTAMP ON UPDATE CURRENT_TIMESTAMP,
  `created_at` datetime DEFAULT CURRENT_TIMESTAMP,
  PRIMARY KEY (`id`),
  KEY `idx_kb_cat` (`category`),
  KEY `idx_kb_status` (`status`),
  FULLTEXT KEY `ft_kb` (`question`,`answer`,`keywords`) /*!50100 WITH PARSER `ngram` */ 
) ENGINE=InnoDB AUTO_INCREMENT=84 DEFAULT CHARSET=utf8mb4 COLLATE=utf8mb4_0900_ai_ci COMMENT='AI助手知识库';
/*!40101 SET character_set_client = @saved_cs_client */;
DROP TABLE IF EXISTS `operation_logs`;
/*!40101 SET @saved_cs_client     = @@character_set_client */;
/*!50503 SET character_set_client = utf8mb4 */;
CREATE TABLE `operation_logs` (
  `id` int(11) NOT NULL AUTO_INCREMENT,
  `operator_id` int(11) DEFAULT NULL COMMENT '管理员 id',
  `action` varchar(50) NOT NULL COMMENT '如 EXPORT_USERS / EXPORT_STORIES',
  `target_type` varchar(50) DEFAULT NULL,
  `target_id` varchar(50) DEFAULT NULL,
  `ip` varchar(64) DEFAULT NULL,
  `created_at` datetime DEFAULT CURRENT_TIMESTAMP,
  PRIMARY KEY (`id`),
  KEY `idx_log_operator` (`operator_id`),
  KEY `idx_log_action` (`action`),
  CONSTRAINT `fk_log_admin` FOREIGN KEY (`operator_id`) REFERENCES `admins` (`id`) ON DELETE SET NULL
) ENGINE=InnoDB AUTO_INCREMENT=53 DEFAULT CHARSET=utf8mb4 COLLATE=utf8mb4_0900_ai_ci COMMENT='后台操作日志';
/*!40101 SET character_set_client = @saved_cs_client */;
DROP TABLE IF EXISTS `process_markers`;
/*!40101 SET @saved_cs_client     = @@character_set_client */;
/*!50503 SET character_set_client = utf8mb4 */;
CREATE TABLE `process_markers` (
  `id` int(11) NOT NULL AUTO_INCREMENT,
  `code` varchar(50) NOT NULL COMMENT '前端 data-id：medical / card / print',
  `name` varchar(100) NOT NULL COMMENT '弹窗标题',
  `description` varchar(255) DEFAULT NULL COMMENT '弹窗简介',
  `steps` json DEFAULT NULL COMMENT '办理步骤，字符串数组',
  `position_x` decimal(5,2) NOT NULL COMMENT 'X 坐标百分比',
  `position_y` decimal(5,2) NOT NULL COMMENT 'Y 坐标百分比',
  `short_story_id` int(11) NOT NULL COMMENT '关联的短剧情',
  `status` enum('enabled','hidden') NOT NULL DEFAULT 'enabled',
  `sort_order` int(11) NOT NULL DEFAULT '0',
  PRIMARY KEY (`id`),
  UNIQUE KEY `uk_marker_code` (`code`),
  KEY `idx_marker_story` (`short_story_id`),
  CONSTRAINT `fk_marker_story` FOREIGN KEY (`short_story_id`) REFERENCES `stories` (`id`) ON DELETE CASCADE
) ENGINE=InnoDB AUTO_INCREMENT=15 DEFAULT CHARSET=utf8mb4 COLLATE=utf8mb4_0900_ai_ci COMMENT='办事流程地图标记';
/*!40101 SET character_set_client = @saved_cs_client */;
DROP TABLE IF EXISTS `qa_records`;
/*!40101 SET @saved_cs_client     = @@character_set_client */;
/*!50503 SET character_set_client = utf8mb4 */;
CREATE TABLE `qa_records` (
  `id` int(11) NOT NULL AUTO_INCREMENT,
  `user_id` int(11) DEFAULT NULL COMMENT '提问用户',
  `session_id` varchar(64) DEFAULT NULL COMMENT '多轮对话归组',
  `question` varchar(1000) NOT NULL,
  `answer` mediumtext,
  `images` json DEFAULT NULL COMMENT '本次回答展示的配图',
  `sources` varchar(500) NOT NULL DEFAULT '' COMMENT '引用的资料来源',
  `category` varchar(50) NOT NULL DEFAULT '',
  `answered_by` varchar(20) NOT NULL DEFAULT 'ai',
  `feedback` tinyint(4) NOT NULL DEFAULT '0' COMMENT '1赞 -1踩 0未评',
  `created_at` datetime DEFAULT CURRENT_TIMESTAMP,
  PRIMARY KEY (`id`),
  KEY `idx_qa_user` (`user_id`),
  KEY `idx_qa_session` (`session_id`),
  KEY `idx_qa_created` (`created_at`),
  CONSTRAINT `fk_qa_user` FOREIGN KEY (`user_id`) REFERENCES `users` (`id`) ON DELETE SET NULL
) ENGINE=InnoDB AUTO_INCREMENT=68 DEFAULT CHARSET=utf8mb4 COLLATE=utf8mb4_0900_ai_ci COMMENT='AI助手问答记录';
/*!40101 SET character_set_client = @saved_cs_client */;
DROP TABLE IF EXISTS `save_slots`;
/*!40101 SET @saved_cs_client     = @@character_set_client */;
/*!50503 SET character_set_client = utf8mb4 */;
CREATE TABLE `save_slots` (
  `slot_id` int(11) NOT NULL AUTO_INCREMENT,
  `user_id` int(11) NOT NULL,
  `story_id` int(11) NOT NULL,
  `node_id` int(11) NOT NULL COMMENT '存档所在节点',
  `slot_index` int(11) NOT NULL COMMENT '档位编号 1~5，由后端自动分配最小空闲位',
  `save_time` datetime DEFAULT CURRENT_TIMESTAMP,
  PRIMARY KEY (`slot_id`),
  UNIQUE KEY `uk_slot` (`user_id`,`story_id`,`slot_index`),
  KEY `idx_slot_user_story` (`user_id`,`story_id`),
  KEY `fk_slot_story` (`story_id`),
  KEY `fk_slot_node` (`node_id`),
  CONSTRAINT `fk_slot_node` FOREIGN KEY (`node_id`) REFERENCES `story_nodes` (`id`) ON DELETE CASCADE,
  CONSTRAINT `fk_slot_story` FOREIGN KEY (`story_id`) REFERENCES `stories` (`id`) ON DELETE CASCADE,
  CONSTRAINT `fk_slot_user` FOREIGN KEY (`user_id`) REFERENCES `users` (`id`) ON DELETE CASCADE
) ENGINE=InnoDB AUTO_INCREMENT=87 DEFAULT CHARSET=utf8mb4 COLLATE=utf8mb4_0900_ai_ci COMMENT='用户存档记录';
/*!40101 SET character_set_client = @saved_cs_client */;
DROP TABLE IF EXISTS `stories`;
/*!40101 SET @saved_cs_client     = @@character_set_client */;
/*!50503 SET character_set_client = utf8mb4 */;
CREATE TABLE `stories` (
  `id` int(11) NOT NULL AUTO_INCREMENT,
  `code` varchar(50) NOT NULL COMMENT '剧情编码，前端硬编码依赖：campus / medical / card / print',
  `name` varchar(100) NOT NULL COMMENT '剧情名称',
  `type` enum('long','short') NOT NULL COMMENT 'long=长故事(支持存档) short=短故事(不支持存档)',
  `description` text COMMENT '剧情描述',
  `badge_id` int(11) DEFAULT NULL COMMENT '完成后发放的勋章',
  `max_saves` int(11) NOT NULL DEFAULT '5' COMMENT '最大存档数，仅长故事有意义',
  `status` enum('enabled','disabled') NOT NULL DEFAULT 'enabled' COMMENT 'disabled 不下发给前端',
  `created_at` datetime DEFAULT CURRENT_TIMESTAMP,
  PRIMARY KEY (`id`),
  UNIQUE KEY `uk_story_code` (`code`),
  KEY `idx_story_status` (`status`),
  KEY `fk_story_badge` (`badge_id`),
  CONSTRAINT `fk_story_badge` FOREIGN KEY (`badge_id`) REFERENCES `badges` (`id`) ON DELETE SET NULL
) ENGINE=InnoDB AUTO_INCREMENT=20 DEFAULT CHARSET=utf8mb4 COLLATE=utf8mb4_0900_ai_ci COMMENT='剧情定义';
/*!40101 SET character_set_client = @saved_cs_client */;
DROP TABLE IF EXISTS `story_nodes`;
/*!40101 SET @saved_cs_client     = @@character_set_client */;
/*!50503 SET character_set_client = utf8mb4 */;
CREATE TABLE `story_nodes` (
  `id` int(11) NOT NULL AUTO_INCREMENT,
  `story_id` int(11) NOT NULL,
  `node_key` varchar(50) NOT NULL COMMENT '节点业务编码，如 n1 / n_end / m1',
  `dialogue_text` text NOT NULL COMMENT '对话文案，可含换行符',
  `speaker` varchar(50) DEFAULT NULL COMMENT '说话人，前端字段名 character',
  `character_image_url` varchar(255) DEFAULT NULL COMMENT '人物立绘，前端字段名 characterImage',
  `bg_image_url` varchar(255) DEFAULT NULL COMMENT '背景图，前端字段名 bg',
  `is_end` tinyint(1) NOT NULL DEFAULT '0' COMMENT '是否结束节点，触发勋章发放',
  `sort_order` int(11) NOT NULL COMMENT '播放顺序，从 1 开始',
  `location_id` varchar(64) DEFAULT NULL COMMENT '剧情地图地点 ID，见 campus-map.js',
  `node_type` enum('scene','map','choice') NOT NULL DEFAULT 'scene' COMMENT '剧情页类型',
  `choices_json` json DEFAULT NULL COMMENT '分支选项 [{text,targetNodeId,requiresMajor,targetByCollege}]',
  `grants_badge` varchar(50) DEFAULT NULL COMMENT '到达此节点即发放的徽章 code',
  PRIMARY KEY (`id`),
  UNIQUE KEY `uk_node_key` (`story_id`,`node_key`),
  UNIQUE KEY `uk_node_sort` (`story_id`,`sort_order`),
  CONSTRAINT `fk_node_story` FOREIGN KEY (`story_id`) REFERENCES `stories` (`id`) ON DELETE CASCADE
) ENGINE=InnoDB AUTO_INCREMENT=659 DEFAULT CHARSET=utf8mb4 COLLATE=utf8mb4_0900_ai_ci COMMENT='剧情节点';
/*!40101 SET character_set_client = @saved_cs_client */;
DROP TABLE IF EXISTS `story_progress`;
/*!40101 SET @saved_cs_client     = @@character_set_client */;
/*!50503 SET character_set_client = utf8mb4 */;
CREATE TABLE `story_progress` (
  `id` int(11) NOT NULL AUTO_INCREMENT,
  `user_id` int(11) NOT NULL,
  `story_id` int(11) NOT NULL,
  `current_node_id` int(11) DEFAULT NULL COMMENT '最近播放到的节点，可为空',
  `completed` tinyint(1) NOT NULL DEFAULT '0',
  `completed_time` datetime DEFAULT NULL COMMENT '首次完成时间',
  PRIMARY KEY (`id`),
  UNIQUE KEY `uk_progress` (`user_id`,`story_id`),
  KEY `idx_progress_user` (`user_id`),
  KEY `fk_sp_story` (`story_id`),
  KEY `fk_sp_node` (`current_node_id`),
  CONSTRAINT `fk_sp_node` FOREIGN KEY (`current_node_id`) REFERENCES `story_nodes` (`id`) ON DELETE SET NULL,
  CONSTRAINT `fk_sp_story` FOREIGN KEY (`story_id`) REFERENCES `stories` (`id`) ON DELETE CASCADE,
  CONSTRAINT `fk_sp_user` FOREIGN KEY (`user_id`) REFERENCES `users` (`id`) ON DELETE CASCADE
) ENGINE=InnoDB AUTO_INCREMENT=170 DEFAULT CHARSET=utf8mb4 COLLATE=utf8mb4_0900_ai_ci COMMENT='用户剧情完成记录';
/*!40101 SET character_set_client = @saved_cs_client */;
DROP TABLE IF EXISTS `user_badges`;
/*!40101 SET @saved_cs_client     = @@character_set_client */;
/*!50503 SET character_set_client = utf8mb4 */;
CREATE TABLE `user_badges` (
  `user_id` int(11) NOT NULL,
  `badge_id` int(11) NOT NULL,
  `story_id` int(11) NOT NULL COMMENT '通过完成哪个剧情获得',
  `obtained_time` datetime DEFAULT CURRENT_TIMESTAMP,
  PRIMARY KEY (`user_id`,`badge_id`),
  KEY `idx_ub_user` (`user_id`),
  KEY `fk_ub_badge` (`badge_id`),
  KEY `fk_ub_story` (`story_id`),
  CONSTRAINT `fk_ub_badge` FOREIGN KEY (`badge_id`) REFERENCES `badges` (`id`) ON DELETE CASCADE,
  CONSTRAINT `fk_ub_story` FOREIGN KEY (`story_id`) REFERENCES `stories` (`id`) ON DELETE CASCADE,
  CONSTRAINT `fk_ub_user` FOREIGN KEY (`user_id`) REFERENCES `users` (`id`) ON DELETE CASCADE
) ENGINE=InnoDB DEFAULT CHARSET=utf8mb4 COLLATE=utf8mb4_0900_ai_ci COMMENT='用户勋章关系';
/*!40101 SET character_set_client = @saved_cs_client */;
DROP TABLE IF EXISTS `user_map_views`;
/*!40101 SET @saved_cs_client     = @@character_set_client */;
/*!50503 SET character_set_client = utf8mb4 */;
CREATE TABLE `user_map_views` (
  `user_id` int(11) NOT NULL,
  `map_id` int(11) NOT NULL,
  `view_time` datetime NOT NULL DEFAULT CURRENT_TIMESTAMP,
  `device_info` varchar(255) DEFAULT NULL,
  PRIMARY KEY (`user_id`,`map_id`,`view_time`),
  KEY `fk_mv_map` (`map_id`),
  CONSTRAINT `fk_mv_map` FOREIGN KEY (`map_id`) REFERENCES `campus_maps` (`id`) ON DELETE CASCADE,
  CONSTRAINT `fk_mv_user` FOREIGN KEY (`user_id`) REFERENCES `users` (`id`) ON DELETE CASCADE
) ENGINE=InnoDB DEFAULT CHARSET=utf8mb4 COLLATE=utf8mb4_0900_ai_ci COMMENT='地图查看日志';
/*!40101 SET character_set_client = @saved_cs_client */;
DROP TABLE IF EXISTS `users`;
/*!40101 SET @saved_cs_client     = @@character_set_client */;
/*!50503 SET character_set_client = utf8mb4 */;
CREATE TABLE `users` (
  `id` int(11) NOT NULL AUTO_INCREMENT,
  `openid` varchar(64) NOT NULL,
  `name` varchar(50) NOT NULL DEFAULT '',
  `gender` varchar(10) NOT NULL DEFAULT '',
  `grade` varchar(20) DEFAULT '',
  `college` varchar(100) DEFAULT '',
  `major` varchar(100) DEFAULT '',
  `register_time` datetime DEFAULT CURRENT_TIMESTAMP,
  `update_time` datetime DEFAULT CURRENT_TIMESTAMP ON UPDATE CURRENT_TIMESTAMP,
  PRIMARY KEY (`id`),
  UNIQUE KEY `openid` (`openid`)
) ENGINE=InnoDB AUTO_INCREMENT=78 DEFAULT CHARSET=utf8mb4 COLLATE=utf8mb4_0900_ai_ci COMMENT='用户基础信息';
/*!40101 SET character_set_client = @saved_cs_client */;
/*!40103 SET TIME_ZONE=@OLD_TIME_ZONE */;

/*!40101 SET SQL_MODE=@OLD_SQL_MODE */;
/*!40014 SET FOREIGN_KEY_CHECKS=@OLD_FOREIGN_KEY_CHECKS */;
/*!40014 SET UNIQUE_CHECKS=@OLD_UNIQUE_CHECKS */;
/*!40101 SET CHARACTER_SET_CLIENT=@OLD_CHARACTER_SET_CLIENT */;
/*!40101 SET CHARACTER_SET_RESULTS=@OLD_CHARACTER_SET_RESULTS */;
/*!40101 SET COLLATION_CONNECTION=@OLD_COLLATION_CONNECTION */;
/*!40111 SET SQL_NOTES=@OLD_SQL_NOTES */;


/*!40101 SET @OLD_CHARACTER_SET_CLIENT=@@CHARACTER_SET_CLIENT */;
/*!40101 SET @OLD_CHARACTER_SET_RESULTS=@@CHARACTER_SET_RESULTS */;
/*!40101 SET @OLD_COLLATION_CONNECTION=@@COLLATION_CONNECTION */;
/*!50503 SET NAMES utf8mb4 */;
/*!40103 SET @OLD_TIME_ZONE=@@TIME_ZONE */;
/*!40103 SET TIME_ZONE='+00:00' */;
/*!40014 SET @OLD_UNIQUE_CHECKS=@@UNIQUE_CHECKS, UNIQUE_CHECKS=0 */;
/*!40014 SET @OLD_FOREIGN_KEY_CHECKS=@@FOREIGN_KEY_CHECKS, FOREIGN_KEY_CHECKS=0 */;
/*!40101 SET @OLD_SQL_MODE=@@SQL_MODE, SQL_MODE='NO_AUTO_VALUE_ON_ZERO' */;
/*!40111 SET @OLD_SQL_NOTES=@@SQL_NOTES, SQL_NOTES=0 */;

LOCK TABLES `admins` WRITE;
/*!40000 ALTER TABLE `admins` DISABLE KEYS */;
INSERT INTO `admins` (`id`, `username`, `password_hash`, `failed_count`, `locked_until`, `created_at`) VALUES (1,'admin','$2b$10$6e5oZXvTGqFC2NOPnes1kegy8rb4aUThZ4lQo5I.MaUESI0c9lvxe',0,NULL,'2026-07-10 01:11:42');
/*!40000 ALTER TABLE `admins` ENABLE KEYS */;
UNLOCK TABLES;

LOCK TABLES `stories` WRITE;
/*!40000 ALTER TABLE `stories` DISABLE KEYS */;
INSERT INTO `stories` (`id`, `code`, `name`, `type`, `description`, `badge_id`, `max_saves`, `status`, `created_at`) VALUES (1,'campus','浏览校园','long','跟随向导学姐了解校园各建筑与场所',1,5,'enabled','2026-07-10 01:11:42'),(2,'medical','医保报销流程','short','了解校医院就诊与医保报销的完整流程',2,0,'enabled','2026-07-10 01:11:42'),(3,'card','一卡通补办','short','校园卡丢了别慌，学姐带你走一遍挂失补办',3,0,'enabled','2026-07-10 01:11:42'),(4,'print','校园打印流程','short','如何在校园内使用打印服务',4,0,'disabled','2026-07-10 01:11:42'),(17,'course_select','选课攻略','short','专选通识校选怎么选、三轮选课怎么抢，学姐一次讲清',23,0,'enabled','2026-07-16 02:44:12'),(18,'overseas_exchange','境外交流','short','长期境外交流从申请到回国的完整流程',24,0,'enabled','2026-07-16 02:44:12'),(19,'campus_plan','大学规划','long','大四出路提前看：保研、考研、出国、就业四条路怎么准备',25,5,'enabled','2026-07-16 02:44:12');
/*!40000 ALTER TABLE `stories` ENABLE KEYS */;
UNLOCK TABLES;

LOCK TABLES `badges` WRITE;
/*!40000 ALTER TABLE `badges` DISABLE KEYS */;
INSERT INTO `badges` (`id`, `code`, `name`, `icon_url`, `description`, `condition_text`, `sort_order`, `detail`) VALUES (1,'badge_campus','🏛️ 校园探索者','/images/badge_campus.png','完成浏览校园剧情，熟悉校园环境','完成「浏览校园」剧情',1,NULL),(2,'badge_medical','🏥 医疗达人','/images/badge_medical.png','完成医保报销剧情，了解就医流程','完成「医保报销」剧情',2,NULL),(3,'badge_card','💳 补办高手','/images/badge_card.png','完成一卡通补办剧情，了解挂失流程','完成「一卡通补办」剧情',3,NULL),(4,'badge_print','🖨️ 打印能手','/images/badge_print.png','完成打印流程剧情，了解打印服务','完成「打印流程」剧情',4,NULL),(5,'badge_canteen_time','🍚 食堂时间通','/images/badge_campus.png','逛完校园食堂，掌握各食堂开放时间','完成「浏览校园」并逛过食堂区',10,'【食堂开放时间 · 来源：工大百科】\n北区餐厅：早7:00-9:00 / 午11:00-13:00 / 晚16:30-18:30\n北区餐车：周一至周五(除节假日)午11:00-12:30\n清真餐厅：7:00-20:30\n奥运餐厅：早7:00-9:00 / 午11:00-13:00 / 晚16:30-18:30\n南区餐车：周一至周五(除节假日)午11:00-12:30\n美食园餐厅：6:30-20:30；风味餐厅：9:00-22:00\n天天餐厅（学生服务楼二层）：午餐11:00-14:00 / 晚餐16:30-21:30\n天天咖啡厅：工作日7:00-21:00 / 周六日9:00-21:00（天天餐厅与天天咖啡厅是两个不同的地方）\n教工餐厅：早7:00-8:30 / 午11:00-13:00\n中蓝公寓餐厅：基本伙 早7:00-9:00/午11:00-13:00/晚16:30-18:30；风味档口7:00-21:00\n（校内食堂支持美团外卖送到宿舍楼下；具体以现场为准）'),(6,'badge_sports_time','🏃 运动时间通','/images/badge_campus.png','逛完运动场馆，掌握各场馆开放时间与预约','完成「浏览校园」并逛过运动区',11,'【运动场馆开放时间 · 来源：工大百科】\n预约：微信小程序「运动场地预约」，一卡通注册，每日7:00放号；累计3次爽约进黑名单(可到羽毛球馆前台申请解除)。\n北田径场：全天开放，免费\n南田径场：周一至周五6:00-18:00(实际全天开放)，免费\n篮球场/排球场：6:00-20:00（南操场南侧）\n网球场：6:00-20:00（南操场北侧）\n健身房：周一至周五10:00-22:00 / 周六日9:00-22:00（体育馆北4口，正对人文楼东门）\n乒乓球馆：周一二四17:00-20:00 / 周三六日12:00-20:00 / 周五16:00-20:00（南操场西侧地下一层）\n游泳馆：周一二四17:30-20:00 / 周三六日12:00-17:00,17:30-20:00 / 周五15:30-17:00,17:30-20:00（每场1.5h，首次需体检表）\n羽毛球馆：周一至周五10:00-22:00 / 周六日及节假日8:00-22:00（奥运场馆一层北一门）\n地下训练馆：优先保障课程与校队训练\n（各场馆价格分校内师生/亲友/校外，以百科「运动场地」页为准）'),(23,'badge_course_select','🎓 选课达人','/images/badge_course_select.png','完成选课攻略剧情，摸清三轮选课规则','完成「选课攻略」剧情',5,NULL),(24,'badge_overseas','✈️ 交流先锋','/images/badge_overseas.png','完成境外交流剧情，了解长期交流全流程','完成「境外交流」剧情',6,NULL),(25,'badge_plan','🧭 规划达人','/images/badge_plan.png','完成大学规划剧情，看清保研考研出国就业四条路','完成「大学规划」剧情',7,NULL);
/*!40000 ALTER TABLE `badges` ENABLE KEYS */;
UNLOCK TABLES;

LOCK TABLES `story_nodes` WRITE;
/*!40000 ALTER TABLE `story_nodes` DISABLE KEYS */;
INSERT INTO `story_nodes` (`id`, `story_id`, `node_key`, `dialogue_text`, `speaker`, `character_image_url`, `bg_image_url`, `is_end`, `sort_order`, `location_id`, `node_type`, `choices_json`, `grants_badge`) VALUES (14,4,'p1','同学需要打印吗？可以使用U盘或校园网传输文件。','店员',NULL,'/images/print_bg1.jpg',0,1,NULL,'scene',NULL,NULL),(15,4,'p2','选择好打印参数后，刷卡支付即可取走打印件。','店员',NULL,'/images/print_bg2.jpg',0,2,NULL,'scene',NULL,NULL),(16,4,'p_end','🎉 打印完成，祝你学习顺利！\n\n点击完成剧情，获得勋章！','店员',NULL,'/images/print_bg_end.jpg',1,3,NULL,'scene',NULL,NULL),(434,1,'life_welcome_scene','欢迎来到北京工业大学平乐园校区！我是你的向导学姐。','学姐','/images/character_xuejie.png','/images/story_bg1.jpg',0,1,NULL,'scene',NULL,NULL),(435,1,'life_gate_scene','先记住几个校门：东南西北四个大门，加上东南小门、西侧小门——迷路时找校门或体育场，方向就能重新对上；西侧小门离地铁近，但只走行人。','学姐','/images/character_xuejie.png','/images/story_bg1.jpg',0,2,NULL,'scene',NULL,NULL),(436,1,'life_gate_west_map','先看校园西侧：闪烁区域分别是西门和西侧小门。西侧小门离地铁更近，但只供行人通行。','学姐','/images/character_xuejie.png','/images/story_bg1.jpg',0,3,'campus_west_gate,campus_west_side_gate','map',NULL,NULL),(437,1,'life_gate_northeast_map','再看北门和东门：北门正对校医院方向，东门在校园东侧，都是辨认方向的重要地标。','学姐','/images/character_xuejie.png','/images/story_bg1.jpg',0,4,'campus_north_gate,campus_east_gate','map',NULL,NULL),(438,1,'life_gate_southeast_map','最后看南门和东南门：它们位于校园南侧，去南部教学区和生活区时很常用。','学姐','/images/character_xuejie.png','/images/story_bg1.jpg',0,5,'campus_south_gate,campus_southeast_gate','map',NULL,NULL),(439,1,'life_north_dorm_scene','先带你认认宿舍区。北区是 01 到 04 号楼，离学生综合服务中心很近。先把楼号、单元和门禁位置记牢，早八才不会手忙脚乱。','学姐','/images/character_xuejie.png','/images/story_bg1.jpg',0,6,'north_dormitories','scene',NULL,NULL),(440,1,'life_north_dorm_map','看这片闪烁的金色区域，它就是北区宿舍（01–04 号楼）；从学生综合服务中心出发，很快就能找到入口。','学姐','/images/character_xuejie.png','/images/story_bg1.jpg',0,7,'north_dormitories','map',NULL,NULL),(441,1,'life_northeast_dorm_scene','东北区是 10、11 号楼，靠近北部教学区和北体育场。出门前预留十分钟，顺路熟悉银杏大道。','学姐','/images/character_xuejie.png','/images/story_bg1.jpg',0,8,'northeast_dormitories','scene',NULL,NULL),(442,1,'life_northeast_dorm_map','看这片闪烁的金色区域，它就是东北区宿舍（10、11 号楼）；从北体育场出发，很快就能找到入口。','学姐','/images/character_xuejie.png','/images/story_bg1.jpg',0,9,'northeast_dormitories','map',NULL,NULL),(443,1,'life_east_dorm_scene','东区是 13、14 号楼，靠近能源楼和北体育场。晚归时走照明充分的主路，也别忘了门禁时间。','学姐','/images/character_xuejie.png','/images/story_bg1.jpg',0,10,'east_dormitories','scene',NULL,NULL),(444,1,'life_east_dorm_map','看这片闪烁的金色区域，它就是东区宿舍（13、14 号楼）；从北体育场出发，很快就能找到入口。','学姐','/images/character_xuejie.png','/images/story_bg1.jpg',0,11,'east_dormitories','map',NULL,NULL),(445,1,'life_central_dorm_scene','中部是 07 到 12 号楼，是生活区的中转站，去图书馆、食堂和南体育场都很顺路。','学姐','/images/character_xuejie.png','/images/story_bg1.jpg',0,12,'central_dormitories','scene',NULL,NULL),(446,1,'life_central_dorm_map','看这片闪烁的金色区域，它就是中区宿舍（07–12 号楼）；从图书馆出发，很快就能找到入口。','学姐','/images/character_xuejie.png','/images/story_bg1.jpg',0,13,'central_dormitories','map',NULL,NULL),(447,1,'life_south_dorm_scene','南区是 05、06 号楼，靠近南部教学区和奥林匹克体育馆，沿博雅路可以慢慢认清人文楼和科学楼。','学姐','/images/character_xuejie.png','/images/story_bg1.jpg',0,14,'south_dormitories','scene',NULL,NULL),(448,1,'life_south_dorm_map','看这片闪烁的金色区域，它就是南区宿舍（05、06 号楼）；从奥林匹克体育馆出发，很快就能找到入口。','学姐','/images/character_xuejie.png','/images/story_bg1.jpg',0,15,'south_dormitories','map',NULL,NULL),(449,1,'life_service_center_scene','这栋是学生综合服务楼。北区食堂、民族食堂、天天餐厅都在这一带，第一次来先认认楼层。它们的开放时间我整理进了「食堂时间徽章」，逛完点开就能看。','学姐','/images/character_xuejie.png','/images/story_bg1.jpg',0,16,'student_service_center','scene',NULL,NULL),(450,1,'life_service_center_map','看这片闪烁的金色区域，它就是学生综合服务楼；从北区宿舍出发，很快就能找到入口。','学姐','/images/character_xuejie.png','/images/story_bg1.jpg',0,17,'student_service_center','map',NULL,NULL),(451,1,'life_olympic_rest_scene','奥运餐厅在 12 号宿舍楼南侧。赶课时优先选离自己最近的食堂，别为吃什么耽误上课。','学姐','/images/character_xuejie.png','/images/story_bg1.jpg',0,18,'olympic_restaurant','scene',NULL,NULL),(452,1,'life_olympic_rest_map','看这片闪烁的金色区域，它就是奥运餐厅；从南区宿舍出发，很快就能找到入口。','学姐','/images/character_xuejie.png','/images/story_bg1.jpg',0,19,'olympic_restaurant','map',NULL,NULL),(453,1,'life_food_court_scene','美食园、风味餐厅、教工餐厅还有天天咖啡厅集中在餐饮综合楼一带。提醒一下：天天餐厅和天天咖啡厅是两个不同的地方哦。晚自习前想补给能量可以来看看。','学姐','/images/character_xuejie.png','/images/story_bg1.jpg',0,20,'food_court','scene',NULL,NULL),(454,1,'life_food_court_map','看这片闪烁的金色区域，它就是美食园（餐饮综合楼）；从奥运餐厅出发，很快就能找到入口。','学姐','/images/character_xuejie.png','/images/story_bg1.jpg',0,21,'food_court','map',NULL,NULL),(455,1,'life_express_scene','快递驿站在北侧田径场和游泳馆之间、游泳馆后面。快递地址统一填：北京市朝阳区南磨房镇平乐园100号。快递柜 24 小时开，驿站 9:00–19:00。','学姐','/images/character_xuejie.png','/images/story_bg1.jpg',0,22,'express_station','scene',NULL,NULL),(456,1,'life_express_map','看这片闪烁的金色区域，它就是快递驿站；从游泳馆出发，很快就能找到入口。','学姐','/images/character_xuejie.png','/images/story_bg1.jpg',0,23,'express_station','map',NULL,NULL),(457,1,'life_hospital_scene','校医院就在北门门口。关注公众号「北京工业大学医院」就能预约挂号，到院凭一卡通签到就诊；不舒服时别硬撑，尽早来看看。','学姐','/images/character_xuejie.png','/images/story_bg1.jpg',0,24,'school_hospital','scene',NULL,NULL),(458,1,'life_hospital_map','看这片闪烁的金色区域，它就是校医院；从北门出发，很快就能找到入口。','学姐','/images/character_xuejie.png','/images/story_bg1.jpg',0,25,'school_hospital','map',NULL,NULL),(459,1,'choose_interest','生活区先逛到这。接下来想先去哪边？','学姐','/images/character_xuejie.png','/images/story_bg1.jpg',0,26,NULL,'choice','[{\"text\": \"先去学习区看看\", \"targetNodeId\": \"study_profile_gate\"}, {\"text\": \"先去运动区转转\", \"targetNodeId\": \"sport_north_scene\"}]','badge_canteen_time'),(460,1,'sport_north_scene','北体育场是北部最醒目的方向参照，全天开放。经过训练场地时，记得给上课和校队训练留出空间。各场馆详细的开放时间和价格，我整理进了「运动时间徽章」。','学姐','/images/character_xuejie.png','/images/story_bg1.jpg',0,27,'north_sports_ground','scene',NULL,NULL),(461,1,'sport_north_map','看这片闪烁的金色区域，它就是北体育场；从北区宿舍出发，很快就能找到入口。','学姐','/images/character_xuejie.png','/images/story_bg1.jpg',0,28,'north_sports_ground','map',NULL,NULL),(462,1,'sport_south_scene','南体育场也免费开放。跑步前先看有没有教学、比赛或大型活动安排。','学姐','/images/character_xuejie.png','/images/story_bg1.jpg',0,29,'south_sports_ground','scene',NULL,NULL),(463,1,'sport_south_map','看这片闪烁的金色区域，它就是南体育场；从奥运餐厅出发，很快就能找到入口。','学姐','/images/character_xuejie.png','/images/story_bg1.jpg',0,30,'south_sports_ground','map',NULL,NULL),(464,1,'sport_ballcourt_scene','篮球场、排球场在南操场南侧、奥运餐厅东南侧，每天 6:00–20:00。热门时段建议提前约同学，实际可用以预约小程序为准。','学姐','/images/character_xuejie.png','/images/story_bg1.jpg',0,31,'basketball_volleyball_courts','scene',NULL,NULL),(465,1,'sport_ballcourt_map','看这片闪烁的金色区域，它就是篮球场、排球场；从南体育场出发，很快就能找到入口。','学姐','/images/character_xuejie.png','/images/story_bg1.jpg',0,32,'basketball_volleyball_courts','map',NULL,NULL),(466,1,'sport_tennis_scene','网球场在南操场北侧，每天 6:00–20:00。校内外收费不同，练球前先确认预约和当天规则。','学姐','/images/character_xuejie.png','/images/story_bg1.jpg',0,33,'tennis_courts','scene',NULL,NULL),(467,1,'sport_tennis_map','看这片闪烁的金色区域，它就是网球场；从南体育场出发，很快就能找到入口。','学姐','/images/character_xuejie.png','/images/story_bg1.jpg',0,34,'tennis_courts','map',NULL,NULL),(468,1,'sport_gym_scene','奥林匹克体育馆里有健身房（北 4 口，正对人文楼东门）和羽毛球馆（一层北一门进）。两处都要留意预约和开放时间。','学姐','/images/character_xuejie.png','/images/story_bg1.jpg',0,35,'olympic_venue','scene',NULL,NULL),(469,1,'sport_gym_map','看这片闪烁的金色区域，它就是奥林匹克体育馆；从南区宿舍出发，很快就能找到入口。','学姐','/images/character_xuejie.png','/images/story_bg1.jpg',0,36,'olympic_venue','map',NULL,NULL),(470,1,'sport_pingpong_scene','乒乓球馆在南田径场看台下、南操场西侧地下一层，有 23 张专业球台。认准地图上的红色不规则长条，就不会绕圈。','学姐','/images/character_xuejie.png','/images/story_bg1.jpg',0,37,'table_tennis_hall','scene',NULL,NULL),(471,1,'sport_pingpong_map','看这片闪烁的金色区域，它就是乒乓球馆；从南体育场出发，很快就能找到入口。','学姐','/images/character_xuejie.png','/images/story_bg1.jpg',0,38,'table_tennis_hall','map',NULL,NULL),(472,1,'sport_swim_scene','游泳馆在北体育场西侧。首次游泳健身要带体检表；每场次 1.5 小时，注意清场时间。','学姐','/images/character_xuejie.png','/images/story_bg1.jpg',0,39,'swimming_pool','scene',NULL,NULL),(473,1,'sport_swim_map','看这片闪烁的金色区域，它就是游泳馆；从北体育场出发，很快就能找到入口。','学姐','/images/character_xuejie.png','/images/story_bg1.jpg',0,40,'swimming_pool','map',NULL,NULL),(474,1,'sport_underground_scene','地下训练馆在游泳馆北侧，有篮球、排球场地，但会优先保障课程和校队训练。','学姐','/images/character_xuejie.png','/images/story_bg1.jpg',0,41,'underground_training_hall','scene',NULL,NULL),(475,1,'sport_underground_map','看这片闪烁的金色区域，它就是地下训练馆；从游泳馆出发，很快就能找到入口。','学姐','/images/character_xuejie.png','/images/story_bg1.jpg',0,42,'underground_training_hall','map',NULL,NULL),(476,1,'sport_end_choice','运动区就逛到这。接下来？','学姐','/images/character_xuejie.png','/images/story_bg1.jpg',0,43,NULL,'choice','[{\"text\": \"再去看看学习区\", \"targetNodeId\": \"study_profile_gate\"}, {\"text\": \"结束本次浏览\", \"targetNodeId\": \"campus_end\"}]','badge_sports_time'),(477,1,'study_profile_gate','学习区的楼很多，我按你的专业带你走，只逛跟你相关的学院楼。','学姐','/images/character_xuejie.png','/images/story_bg1.jpg',0,44,NULL,'choice','[{\"text\": \"按我的专业继续\", \"targetNodeId\": \"study_library_scene\", \"requiresMajor\": true, \"targetByCollege\": {\"交通\": \"major_traffic_scene\", \"会计\": \"major_econ_scene\", \"光电\": \"major_physics_scene\", \"力学\": \"major_mathstat_scene\", \"土木\": \"major_civileng_scene\", \"数学\": \"major_mathstat_scene\", \"机械\": \"major_mech_scene\", \"材料\": \"major_material_scene\", \"法学\": \"major_econ_scene\", \"物理\": \"major_physics_scene\", \"生物\": \"major_lifesci_scene\", \"社会\": \"major_econ_scene\", \"管理\": \"major_econ_scene\", \"经济\": \"major_econ_scene\", \"统计\": \"major_mathstat_scene\", \"艺术\": \"major_art_scene\", \"英语\": \"major_foreign_scene\", \"设计\": \"major_art_scene\", \"软件\": \"major_cs_scene\", \"通信\": \"major_infosci_scene\", \"金融\": \"major_econ_scene\", \"外国语\": \"major_foreign_scene\", \"建筑学\": \"major_archurban_scene\", \"物联网\": \"major_cs_scene\", \"给排水\": \"major_civileng_scene\", \"自动化\": \"major_infosci_scene\", \"计算机\": \"major_cs_scene\", \"人工智能\": \"major_infosci_scene\", \"信息安全\": \"major_cs_scene\", \"城乡规划\": \"major_archurban_scene\", \"城市规划\": \"major_archurban_scene\", \"建筑工程\": \"major_civileng_scene\", \"建筑环境\": \"major_civileng_scene\", \"数据科学\": \"major_mathstat_scene\", \"智能制造\": \"major_mech_scene\", \"智能建造\": \"major_civileng_scene\", \"环境工程\": \"major_environ_scene\", \"环境科学\": \"major_environ_scene\", \"生命科学\": \"major_lifesci_scene\", \"电子信息\": \"major_infosci_scene\", \"信息科学技术\": \"major_infosci_scene\"}}, {\"text\": \"先看通用学习路线\", \"targetNodeId\": \"study_library_scene\"}]',NULL),(478,1,'study_library_scene','图书馆大致每天 7:30–22:30 开放，凭一卡通进入；不同区域规则可直接问工作人员。资源紧张时，也能上教务系统查空教室自习。','学姐','/images/character_xuejie.png','/images/story_bg1.jpg',0,45,'library','scene',NULL,NULL),(479,1,'study_library_map','看这片闪烁的金色区域，它就是图书馆；从知新园出发，很快就能找到入口。','学姐','/images/character_xuejie.png','/images/story_bg1.jpg',0,46,'library','map',NULL,NULL),(480,1,'study_teach1_scene','一教靠近北体育场西侧，数理和部分理工课常在这里。上课前确认教室号，别只看楼名。','学姐','/images/character_xuejie.png','/images/story_bg1.jpg',0,47,'no1_teaching_building','scene',NULL,NULL),(481,1,'study_teach1_map','看这片闪烁的金色区域，它就是第一教学楼；从北体育场往西走，很快就能找到入口。','学姐','/images/character_xuejie.png','/images/story_bg1.jpg',0,48,'no1_teaching_building','map',NULL,NULL),(482,1,'study_teach2_scene','二教和一教相连，材料楼在南侧；赶课时预留上下楼和找教室的时间。','学姐','/images/character_xuejie.png','/images/story_bg1.jpg',0,49,'no2_teaching_building','scene',NULL,NULL),(483,1,'study_teach2_map','看这片闪烁的金色区域，它就是第二教学楼；从第一教学楼出发，很快就能找到入口。','学姐','/images/character_xuejie.png','/images/story_bg1.jpg',0,50,'no2_teaching_building','map',NULL,NULL),(484,1,'study_teach3_scene','三教在图书馆东北侧，是许多专业都会用到的公共教学楼。','学姐','/images/character_xuejie.png','/images/story_bg1.jpg',0,51,'no3_teaching_building','scene',NULL,NULL),(485,1,'study_teach3_map','看这片闪烁的金色区域，它就是第三教学楼；从图书馆出发，很快就能找到入口。','学姐','/images/character_xuejie.png','/images/story_bg1.jpg',0,52,'no3_teaching_building','map',NULL,NULL),(486,1,'study_teach4_scene','四教靠近南体育场，文科和艺术类课程较常出现，也可顺路熟悉艺术广场。','学姐','/images/character_xuejie.png','/images/story_bg1.jpg',0,53,'no4_teaching_building','scene',NULL,NULL),(487,1,'study_teach4_map','看这片闪烁的金色区域，它就是第四教学楼；从南体育场出发，很快就能找到入口。','学姐','/images/character_xuejie.png','/images/story_bg1.jpg',0,54,'no4_teaching_building','map',NULL,NULL),(488,1,'study_generic_end_choice','通用路线就到这。接下来？','学姐','/images/character_xuejie.png','/images/story_bg1.jpg',0,55,NULL,'choice','[{\"text\": \"再去运动场转转\", \"targetNodeId\": \"sport_north_scene\"}, {\"text\": \"结束本次浏览\", \"targetNodeId\": \"campus_end\"}]',NULL),(489,1,'major_cs_scene','作为计算机学院的同学，你常去的是实训楼、信息楼和软件楼；另外三教、四教是公用教学楼，很多课都在那儿上。先带你认认自己学院的楼。','学姐','/images/character_xuejie.png','/images/story_bg1.jpg',0,56,NULL,'scene',NULL,NULL),(490,1,'major_cs_shixun_map','看这片闪烁的金色区域，它就是实训楼；在环能楼东南、月亮湖东侧。','学姐','/images/character_xuejie.png','/images/story_bg1.jpg',0,57,'practice_training_building','map',NULL,NULL),(491,1,'major_cs_info_map','看这片闪烁的金色区域，它就是信息楼；从图书馆往西、秋实路东侧就到。','学姐','/images/character_xuejie.png','/images/story_bg1.jpg',0,58,'information_building','map',NULL,NULL),(492,1,'major_cs_software_map','看这片闪烁的金色区域，它就是软件楼；在环能楼东南、月亮湖东侧。','学姐','/images/character_xuejie.png','/images/story_bg1.jpg',0,59,'software_building','map',NULL,NULL),(493,1,'major_cs_end','你学院的楼就先认到这。接下来？','学姐','/images/character_xuejie.png','/images/story_bg1.jpg',0,60,NULL,'choice','[{\"text\": \"再去运动场转转\", \"targetNodeId\": \"sport_north_scene\"}, {\"text\": \"结束本次浏览\", \"targetNodeId\": \"campus_end\"}]',NULL),(494,1,'major_infosci_scene','作为信息科学技术学院的同学，你常去的是信息楼、信息楼东和实训楼；三教、四教是公用教学楼。先带你认认。','学姐','/images/character_xuejie.png','/images/story_bg1.jpg',0,61,NULL,'scene',NULL,NULL),(495,1,'major_infosci_info_map','看这片闪烁的金色区域，它就是信息楼；从图书馆往西、秋实路东侧就到。','学姐','/images/character_xuejie.png','/images/story_bg1.jpg',0,62,'information_building','map',NULL,NULL),(496,1,'major_infosci_infoeast_map','看这片闪烁的金色区域，它就是信息楼东；就在信息楼旁边、被 C 形结构包着的小楼，找教室要留意。','学姐','/images/character_xuejie.png','/images/story_bg1.jpg',0,63,'information_building_east','map',NULL,NULL),(497,1,'major_infosci_shixun_map','看这片闪烁的金色区域，它就是实训楼；在环能楼东南、月亮湖东侧。','学姐','/images/character_xuejie.png','/images/story_bg1.jpg',0,64,'practice_training_building','map',NULL,NULL),(498,1,'major_infosci_end','你学院的楼就先认到这。接下来？','学姐','/images/character_xuejie.png','/images/story_bg1.jpg',0,65,NULL,'choice','[{\"text\": \"再去运动场转转\", \"targetNodeId\": \"sport_north_scene\"}, {\"text\": \"结束本次浏览\", \"targetNodeId\": \"campus_end\"}]',NULL),(499,1,'major_mech_scene','作为机械与能源工程学院的同学，你常去机电楼、智研楼、金工楼和能源楼；三教、四教是公用教学楼。先带你认认。','学姐','/images/character_xuejie.png','/images/story_bg1.jpg',0,66,NULL,'scene',NULL,NULL),(500,1,'major_mech_jidian_map','看这片闪烁的金色区域，它就是机电楼；在校区西北、北区宿舍以西一带。','学姐','/images/character_xuejie.png','/images/story_bg1.jpg',0,67,'mechanical_electrical_building','map',NULL,NULL),(501,1,'major_mech_zhiyan_map','看这片闪烁的金色区域，它就是智研楼；在图书馆正北、第一教学楼西南侧。','学姐','/images/character_xuejie.png','/images/story_bg1.jpg',0,68,'intelligent_research_building','map',NULL,NULL),(502,1,'major_mech_jingong_map','看这片闪烁的金色区域，它就是金工楼；从北体育场往北、学生公寓 11 北侧。','学姐','/images/character_xuejie.png','/images/story_bg1.jpg',0,69,'goldworking_building','map',NULL,NULL),(503,1,'major_mech_energy_map','看这片闪烁的金色区域，它就是能源楼；在北体育场东南、学生公寓 14 南侧。','学姐','/images/character_xuejie.png','/images/story_bg1.jpg',0,70,'energy_building','map',NULL,NULL),(504,1,'major_mech_end','你学院的楼就先认到这。接下来？','学姐','/images/character_xuejie.png','/images/story_bg1.jpg',0,71,NULL,'choice','[{\"text\": \"再去运动场转转\", \"targetNodeId\": \"sport_north_scene\"}, {\"text\": \"结束本次浏览\", \"targetNodeId\": \"campus_end\"}]',NULL),(505,1,'major_material_scene','作为材料科学与工程学院的同学，你常去材料楼；三教、四教是公用教学楼。先带你去认认材料楼。','学姐','/images/character_xuejie.png','/images/story_bg1.jpg',0,72,NULL,'scene',NULL,NULL),(506,1,'major_material_map','看这片闪烁的金色区域，它就是材料楼；在图书馆往北、第二教学楼南侧。','学姐','/images/character_xuejie.png','/images/story_bg1.jpg',0,73,'material_building','map',NULL,NULL),(507,1,'major_material_end','你学院的楼就先认到这。接下来？','学姐','/images/character_xuejie.png','/images/story_bg1.jpg',0,74,NULL,'choice','[{\"text\": \"再去运动场转转\", \"targetNodeId\": \"sport_north_scene\"}, {\"text\": \"结束本次浏览\", \"targetNodeId\": \"campus_end\"}]',NULL),(508,1,'major_civileng_scene','作为建筑工程学院的同学，你常去建工楼和城建楼；三教、四教是公用教学楼。先带你认认。','学姐','/images/character_xuejie.png','/images/story_bg1.jpg',0,75,NULL,'scene',NULL,NULL),(509,1,'major_civileng_jiangong_map','看这片闪烁的金色区域，它就是建工楼；在校区西侧、材料楼往西一带。','学姐','/images/character_xuejie.png','/images/story_bg1.jpg',0,76,'construction_building','map',NULL,NULL),(510,1,'major_civileng_chengjian_map','看这片闪烁的金色区域，它就是城建楼；在环能楼东南、月亮湖东侧的校区东南边缘。','学姐','/images/character_xuejie.png','/images/story_bg1.jpg',0,77,'urban_construction_building','map',NULL,NULL),(511,1,'major_civileng_end','你学院的楼就先认到这。接下来？','学姐','/images/character_xuejie.png','/images/story_bg1.jpg',0,78,NULL,'choice','[{\"text\": \"再去运动场转转\", \"targetNodeId\": \"sport_north_scene\"}, {\"text\": \"结束本次浏览\", \"targetNodeId\": \"campus_end\"}]',NULL),(512,1,'major_archurban_scene','作为建筑与城市规划学院的同学，你常去建工楼和城建楼；三教、四教是公用教学楼。先带你认认。','学姐','/images/character_xuejie.png','/images/story_bg1.jpg',0,79,NULL,'scene',NULL,NULL),(513,1,'major_archurban_jiangong_map','看这片闪烁的金色区域，它就是建工楼；在校区西侧、材料楼往西一带。','学姐','/images/character_xuejie.png','/images/story_bg1.jpg',0,80,'construction_building','map',NULL,NULL),(514,1,'major_archurban_chengjian_map','看这片闪烁的金色区域，它就是城建楼；在环能楼东南、月亮湖东侧的校区东南边缘。','学姐','/images/character_xuejie.png','/images/story_bg1.jpg',0,81,'urban_construction_building','map',NULL,NULL),(515,1,'major_archurban_end','你学院的楼就先认到这。接下来？','学姐','/images/character_xuejie.png','/images/story_bg1.jpg',0,82,NULL,'choice','[{\"text\": \"再去运动场转转\", \"targetNodeId\": \"sport_north_scene\"}, {\"text\": \"结束本次浏览\", \"targetNodeId\": \"campus_end\"}]',NULL),(516,1,'major_traffic_scene','作为城市交通学院的同学，你会在城建楼和实训楼附近接触智慧城市、交通规划与实践训练；三教、四教是公用教学楼。先带你去认认这两处。','学姐','/images/character_xuejie.png','/images/story_bg1.jpg',0,83,NULL,'scene',NULL,NULL),(517,1,'major_traffic_map','看这片闪烁的金色区域，它就是城建楼；在月亮湖东侧的东南边缘教学区。','学姐','/images/character_xuejie.png','/images/story_bg1.jpg',0,84,'urban_construction_building','map',NULL,NULL),(518,1,'major_traffic_end','再看旁边的实训楼。这里与城建楼相邻，是交通方向进行实践训练的重要地点。','学姐','/images/character_xuejie.png','/images/story_bg1.jpg',0,85,'practice_training_building','map','[{\"text\": \"再去运动场转转\", \"targetNodeId\": \"sport_north_scene\"}, {\"text\": \"结束本次浏览\", \"targetNodeId\": \"campus_end\"}]',NULL),(519,1,'major_mathstat_scene','作为数学统计学与力学学院的同学，你常去数理楼，一教也常有你们的课；三教、四教是公用教学楼。先带你认认。','学姐','/images/character_xuejie.png','/images/story_bg1.jpg',0,86,NULL,'scene',NULL,NULL),(520,1,'major_mathstat_shuli_map','看这片闪烁的金色区域，它就是数理楼；在图书馆往北、游泳馆西侧。','学姐','/images/character_xuejie.png','/images/story_bg1.jpg',0,87,'physical_science_building','map',NULL,NULL),(521,1,'major_mathstat_teach1_map','看这片闪烁的金色区域，它就是第一教学楼；从北体育场往西走就到。','学姐','/images/character_xuejie.png','/images/story_bg1.jpg',0,88,'no1_teaching_building','map',NULL,NULL),(522,1,'major_mathstat_end','你学院的楼就先认到这。接下来？','学姐','/images/character_xuejie.png','/images/story_bg1.jpg',0,89,NULL,'choice','[{\"text\": \"再去运动场转转\", \"targetNodeId\": \"sport_north_scene\"}, {\"text\": \"结束本次浏览\", \"targetNodeId\": \"campus_end\"}]',NULL),(523,1,'major_physics_scene','作为物理与光电工程学院的同学，你常去数理楼；三教、四教是公用教学楼。先带你去认认数理楼。','学姐','/images/character_xuejie.png','/images/story_bg1.jpg',0,90,NULL,'scene',NULL,NULL),(524,1,'major_physics_map','看这片闪烁的金色区域，它就是数理楼；在图书馆往北、游泳馆西侧。','学姐','/images/character_xuejie.png','/images/story_bg1.jpg',0,91,'physical_science_building','map',NULL,NULL),(525,1,'major_physics_end','你学院的楼就先认到这。接下来？','学姐','/images/character_xuejie.png','/images/story_bg1.jpg',0,92,NULL,'choice','[{\"text\": \"再去运动场转转\", \"targetNodeId\": \"sport_north_scene\"}, {\"text\": \"结束本次浏览\", \"targetNodeId\": \"campus_end\"}]',NULL),(526,1,'major_lifesci_scene','作为化学与生命科学学院的同学，你常去生命楼；三教、四教是公用教学楼。先带你去认认生命楼。','学姐','/images/character_xuejie.png','/images/story_bg1.jpg',0,93,NULL,'scene',NULL,NULL),(527,1,'major_lifesci_map','看这片闪烁的金色区域，它就是生命楼；在数理楼往南、环能楼北侧。','学姐','/images/character_xuejie.png','/images/story_bg1.jpg',0,94,'life_science_building','map',NULL,NULL),(528,1,'major_lifesci_end','你学院的楼就先认到这。接下来？','学姐','/images/character_xuejie.png','/images/story_bg1.jpg',0,95,NULL,'choice','[{\"text\": \"再去运动场转转\", \"targetNodeId\": \"sport_north_scene\"}, {\"text\": \"结束本次浏览\", \"targetNodeId\": \"campus_end\"}]',NULL),(529,1,'major_environ_scene','作为环境科学与工程学院的同学，你常去环能楼，能源楼也会用到；三教、四教是公用教学楼。先带你认认。','学姐','/images/character_xuejie.png','/images/story_bg1.jpg',0,96,NULL,'scene',NULL,NULL),(530,1,'major_environ_huanneng_map','看这片闪烁的金色区域，它就是环能楼；在生命楼往南、实训楼北侧。','学姐','/images/character_xuejie.png','/images/story_bg1.jpg',0,97,'environment_energy_building','map',NULL,NULL),(531,1,'major_environ_energy_map','看这片闪烁的金色区域，它就是能源楼；在北体育场东南、学生公寓 14 南侧。','学姐','/images/character_xuejie.png','/images/story_bg1.jpg',0,98,'energy_building','map',NULL,NULL),(532,1,'major_environ_end','你学院的楼就先认到这。接下来？','学姐','/images/character_xuejie.png','/images/story_bg1.jpg',0,99,NULL,'choice','[{\"text\": \"再去运动场转转\", \"targetNodeId\": \"sport_north_scene\"}, {\"text\": \"结束本次浏览\", \"targetNodeId\": \"campus_end\"}]',NULL),(533,1,'major_econ_scene','作为经济与管理学院的同学（社会学、法学等也在这个学院），你常去经管楼；三教、四教是公用教学楼。先带你去认认经管楼。','学姐','/images/character_xuejie.png','/images/story_bg1.jpg',0,100,NULL,'scene',NULL,NULL),(534,1,'major_econ_map','看这片闪烁的金色区域，它就是经管楼；在秋实路东侧、科学楼往西。','学姐','/images/character_xuejie.png','/images/story_bg1.jpg',0,101,'economics_management_building','map',NULL,NULL),(535,1,'major_econ_end','你学院的楼就先认到这。接下来？','学姐','/images/character_xuejie.png','/images/story_bg1.jpg',0,102,NULL,'choice','[{\"text\": \"再去运动场转转\", \"targetNodeId\": \"sport_north_scene\"}, {\"text\": \"结束本次浏览\", \"targetNodeId\": \"campus_end\"}]',NULL),(536,1,'major_foreign_scene','作为外国语学院的同学，你常去人文楼；三教、四教是公用教学楼。先带你去认认人文楼。','学姐','/images/character_xuejie.png','/images/story_bg1.jpg',0,103,NULL,'scene',NULL,NULL),(537,1,'major_foreign_map','看这片闪烁的金色区域，它就是人文楼；在博雅路南侧、奥林匹克体育馆西南侧。','学姐','/images/character_xuejie.png','/images/story_bg1.jpg',0,104,'humanities_building','map',NULL,NULL),(538,1,'major_foreign_end','你学院的楼就先认到这。接下来？','学姐','/images/character_xuejie.png','/images/story_bg1.jpg',0,105,NULL,'choice','[{\"text\": \"再去运动场转转\", \"targetNodeId\": \"sport_north_scene\"}, {\"text\": \"结束本次浏览\", \"targetNodeId\": \"campus_end\"}]',NULL),(539,1,'major_art_scene','作为艺术设计学院的同学，你常去艺术楼；四教也常有你们的课。先带你去认认艺术楼。','学姐','/images/character_xuejie.png','/images/story_bg1.jpg',0,106,NULL,'scene',NULL,NULL),(540,1,'major_art_map','看这片闪烁的金色区域，它就是艺术楼；在第四教学楼往南、艺术广场中心。','学姐','/images/character_xuejie.png','/images/story_bg1.jpg',0,107,'art_building','map',NULL,NULL),(541,1,'major_art_end','你学院的楼就先认到这。接下来？','学姐','/images/character_xuejie.png','/images/story_bg1.jpg',0,108,NULL,'choice','[{\"text\": \"再去运动场转转\", \"targetNodeId\": \"sport_north_scene\"}, {\"text\": \"结束本次浏览\", \"targetNodeId\": \"campus_end\"}]',NULL),(542,1,'campus_end','今天的校园浏览先到这里。地图上的每一栋楼，都可能成为你第一次上课、运动或和朋友见面的起点；带着它再走一遍，你很快会拥有自己的校园路线。\n\n点击完成，领取勋章！','学姐','/images/character_xuejie.png','/images/story_bg_end.jpg',1,109,NULL,'scene',NULL,NULL),(549,2,'m1','同学你好，我是校医院的王医生。医保报销看起来步骤不少，但只要先选对就医路线、再把材料带齐，就不会手忙脚乱。我们一步一步来。','校医',NULL,'/images/medical_bg1.jpg',0,1,'school_hospital','scene',NULL,NULL),(550,2,'m2','先做个小自检：这套流程适用于已注册的统招本科生、研究生，以及因病休学保留学籍、毕业一年内未就业且仍符合待遇条件的同学。拿不准时，可以在企业微信搜索“小百科”咨询。','校医',NULL,'/images/medical_bg1.jpg',0,2,NULL,'scene',NULL,NULL),(551,2,'m3','无论走哪条路线，先记住三件事：带好校园一卡通和身份证；到校外医院挂号、缴费时主动说明“公费医疗，走自费结算”；绝对不要使用医保卡（社保卡），否则这笔费用不能再按公费医疗报销。','校医',NULL,'/images/medical_bg1.jpg',0,3,NULL,'scene',NULL,NULL),(552,2,'m4_situation_choice','现在的情况更接近哪一种？','校医',NULL,'/images/medical_bg1.jpg',0,4,NULL,'choice','[{\"text\": \"工作日普通门诊\", \"targetNodeId\": \"m5_workday_booking\"}, {\"text\": \"周末、节假日或寒暑假普通门诊\", \"targetNodeId\": \"m8_rest_choice\"}, {\"text\": \"突发急症，需要马上就医\", \"targetNodeId\": \"m11_emergency_nearby\"}, {\"text\": \"已经需要住院或医生建议住院\", \"targetNodeId\": \"m13_inpatient_rule\"}]',NULL),(553,2,'m5_workday_booking','工作日看普通门诊，顺序不能反：先在“北京友谊医院”小程序或 App 挂好西城院区、通州院区的门诊号；确认有号后，再带着一卡通到校医院就诊。','校医',NULL,'/images/medical_bg2.jpg',0,5,'school_hospital','scene',NULL,NULL),(554,2,'m6_workday_referral','校医院医生会根据病情判断是否需要外转。需要转诊时，医生会开具盖章有效的《公费医疗转诊单》。这张单不能补开，所以没有转诊单就不要自行去校外看普通门诊。','校医',NULL,'/images/medical_bg2.jpg',0,6,'school_hospital','scene',NULL,NULL),(555,2,'m7_workday_visit','带身份证和转诊单前往友谊医院；取号、缴费时仍选择“自费”通道。校医院就诊通常报销 95%，经转诊到友谊医院门诊通常报销 90%。发票、明细、处方和病历都要保留好。','校医',NULL,'/images/medical_bg2.jpg',0,7,NULL,'choice','[{\"text\": \"再了解其他就医情形\", \"targetNodeId\": \"m4_situation_choice\"}, {\"text\": \"继续准备普通门诊报销材料\", \"targetNodeId\": \"m17_material_outpatient\"}]',NULL),(556,2,'m8_rest_choice','周末、法定节假日或寒暑假看普通门诊时，一般不需要先到校医院开转诊单。你现在是在北京，还是已经离京返乡？','校医',NULL,'/images/medical_bg2.jpg',0,8,NULL,'choice','[{\"text\": \"在北京，准备去友谊医院\", \"targetNodeId\": \"m9_rest_friendship\"}, {\"text\": \"寒暑假已离京，出现急症\", \"targetNodeId\": \"m10_rest_away\"}]',NULL),(557,2,'m9_rest_friendship','周末、法定节假日或寒暑假，可直接持身份证到友谊医院就诊，挂“自费”号即可，无需转诊单；符合条件的门急诊通常按 90% 报销。','校医',NULL,'/images/medical_bg2.jpg',0,9,NULL,'choice','[{\"text\": \"再了解其他就医情形\", \"targetNodeId\": \"m4_situation_choice\"}, {\"text\": \"继续准备普通门诊报销材料\", \"targetNodeId\": \"m17_material_outpatient\"}]',NULL),(558,2,'m10_rest_away','寒暑假离京后，只能到居住地附近的医保定点医院看急诊；发热、肠道门诊也按急诊处理。急诊通常报销 50%，普通门诊仅限 30 元封顶。记得保留所有急诊材料。','校医',NULL,'/images/medical_bg2.jpg',0,10,NULL,'choice','[{\"text\": \"再了解其他就医情形\", \"targetNodeId\": \"m4_situation_choice\"}, {\"text\": \"继续准备急诊报销材料\", \"targetNodeId\": \"m18_material_emergency\"}]',NULL),(559,2,'m11_emergency_nearby','突发急症时，优先就近去医保定点医院的急诊科，并在窗口说明“公费医疗，自费结算”。急诊只限报销一所医院，同一次情况不要同时跑多家医院。','校医',NULL,'/images/medical_bg3.jpg',0,11,NULL,'scene',NULL,NULL),(560,2,'m12_emergency_special','垂杨柳医院不是合同医院：工作日去急诊通常需要校医院提前转诊，符合条件时可按 70% 报销；寒暑假或节假日直接急诊则按 50% 执行。若病情危重需要住院，可以先就近救治，出入院时都要声明公费医疗身份。','校医',NULL,'/images/medical_bg3.jpg',0,12,NULL,'choice','[{\"text\": \"再了解其他就医情形\", \"targetNodeId\": \"m4_situation_choice\"}, {\"text\": \"继续准备急诊报销材料\", \"targetNodeId\": \"m18_material_emergency\"}]',NULL),(561,2,'m13_inpatient_rule','计划住院原则上应入住友谊医院，或入住经校医院转诊的指定专科医院。周末、节假日、寒暑假因急诊住院时，可以入住非合同医院的医保定点机构；超过规定标准的床位费需自行承担。','校医',NULL,'/images/medical_bg3.jpg',0,13,NULL,'scene',NULL,NULL),(562,2,'m14_inpatient_loan_choice','如果住院费用压力较大，是否需要了解住院借款？','校医',NULL,'/images/medical_bg3.jpg',0,14,NULL,'choice','[{\"text\": \"需要了解住院借款\", \"targetNodeId\": \"m15_inpatient_loan\"}, {\"text\": \"不需要，继续准备住院报销材料\", \"targetNodeId\": \"m16_inpatient_next\"}]',NULL),(563,2,'m15_inpatient_loan','借款仅限住院：凭住院通知单填写借款单，并缴纳借款额 20% 的押金。3 万元以下由校医院院长审批，3 万元以上需主管校领导审批；毕业生离校前两个月原则上不办理。','校医',NULL,'/images/medical_bg3.jpg',0,15,NULL,'scene',NULL,NULL),(564,2,'m16_inpatient_next','住院路线已经说明完毕。接下来想继续了解其他就医情形，还是准备住院报销材料？','校医',NULL,'/images/medical_bg3.jpg',0,16,NULL,'choice','[{\"text\": \"再了解其他就医情形\", \"targetNodeId\": \"m4_situation_choice\"}, {\"text\": \"继续准备住院报销材料\", \"targetNodeId\": \"m19_material_inpatient\"}]',NULL),(565,2,'m17_material_outpatient','校外普通门诊材料：发票、收费明细清单、处方底方（开药时）、门诊病历；工作日门诊还必须附转诊单。材料可在医院自助机打印；友谊医院的电子发票、病历和检验报告通常在就诊 24 小时后可从小程序下载打印。','校医',NULL,'/images/medical_bg1.jpg',0,17,NULL,'choice','[{\"text\": \"再了解其他就医情形\", \"targetNodeId\": \"m4_situation_choice\"}, {\"text\": \"材料齐了，进入提交与审核步骤\", \"targetNodeId\": \"m20_submit\"}]',NULL),(566,2,'m18_material_emergency','急诊材料：发票、收费明细清单、急诊处方、急诊诊断证明、急诊病历。缺少其中任何一项都可能影响审核；异地就医还需要当地医院为医保定点医院的证明。','校医',NULL,'/images/medical_bg1.jpg',0,18,NULL,'choice','[{\"text\": \"再了解其他就医情形\", \"targetNodeId\": \"m4_situation_choice\"}, {\"text\": \"材料齐了，进入提交与审核步骤\", \"targetNodeId\": \"m20_submit\"}]',NULL),(567,2,'m19_material_inpatient','住院材料：住院发票、盖医保章的费用明细清单、出院诊断证明，以及转诊单或急诊入院证明。若是外伤、休学、异地或因公外出，还要按情况补交相应证明。','校医',NULL,'/images/medical_bg1.jpg',0,19,NULL,'choice','[{\"text\": \"再了解其他就医情形\", \"targetNodeId\": \"m4_situation_choice\"}, {\"text\": \"材料齐了，进入提交与审核步骤\", \"targetNodeId\": \"m20_submit\"}]',NULL),(568,2,'m20_submit','材料准备好后，要在费用发生当月或下一个自然月内提交；12 月发票最晚可延至次年 3 月 31 日。校本部在学综楼 4 层公费医疗报销窗口办理；通州校区在每周三下午、耕园图书馆后侧办理。','校医',NULL,'/images/medical_bg1.jpg',0,20,'student_service_center','scene',NULL,NULL),(569,2,'m21_review','审核时还会看药量：急性病一般不超过 3 日量，慢性病不超过 7 日量，行动不便不超过 2 周量；部分慢病稳定期最多 1 个月量。一张处方最多 5 种药，超量部分需要自付。','校医',NULL,'/images/medical_bg1.jpg',0,21,NULL,'scene',NULL,NULL),(570,2,'m22_result','最后耐心等审核：门诊报销款通常在次月 3 日前打入校园卡关联账户；住院报销款通常在次月 11 日前到账。','校医',NULL,'/images/medical_bg1.jpg',0,22,NULL,'scene',NULL,NULL),(571,2,'m_end','这次医保报销流程就带你走完了。记住口诀：先选对路线，校外走自费；单据全留好，按时去提交。\n\n点击完成，领取勋章！','校医',NULL,'/images/medical_bg_end.jpg',1,23,NULL,'scene',NULL,NULL),(578,3,'card1','oi！看什么呢……校园卡？正好跟你说说一卡通的事，刚开学丢卡的人特别多。','学姐','/images/character_xuejie.png','/images/story_bg_default.jpg',0,1,NULL,'scene',NULL,NULL),(579,3,'card2','先说明白，一卡通是你在这学校最重要的东西。食堂吃饭、进图书馆、刷校门和操场门禁、期末体测，全靠它，不带卡基本寸步难行。','学姐','/images/character_xuejie.png','/images/story_bg_default.jpg',0,2,NULL,'scene',NULL,NULL),(580,3,'card3','实体卡报到时学院会发。同时登录\"日新工大\"APP，里面有\"校园码/虚拟卡\"，能刷手机支付，忘带卡时能顶上。两个是同一账户、余额互通。','学姐','/images/character_xuejie.png','/images/story_bg_default.jpg',0,3,NULL,'scene',NULL,NULL),(581,3,'card4','一卡通初始密码是身份证后六位（带X的试试0或1）。注意这是消费超限额时输的密码，不是登录密码，别搞混。','学姐','/images/character_xuejie.png','/images/story_bg_default.jpg',0,4,NULL,'scene',NULL,NULL),(582,3,'card5','拿到卡第一件事——改密码。\"日新工大\"APP或校内自助机都能改，改完记牢。','学姐','/images/character_xuejie.png','/images/story_bg_default.jpg',0,5,NULL,'scene',NULL,NULL),(583,3,'card6','接下来重点说丢了怎么办，这个你大概率用得上，先记住。','学姐','/images/character_xuejie.png','/images/story_bg_default.jpg',0,6,NULL,'scene',NULL,NULL),(584,3,'card7','第一步别急着补。先去\"校园喵\"论坛或贴吧的\"失物招领\"看看，很多人捡到卡会发帖；没有就自己发一条，写清时间、地点、姓名、学号。','学姐','/images/character_xuejie.png','/images/story_bg_default.jpg',0,7,NULL,'scene',NULL,NULL),(585,3,'card8','第二步，一两天没找到就去自助补卡机。北工大补卡机不少——知新园、三教、四教、北区餐厅西侧、学综楼四层，主要楼宇基本都有。','学姐','/images/character_xuejie.png','/images/story_bg_default.jpg',0,8,NULL,'scene',NULL,NULL),(586,3,'card9','补卡流程：身份证放读卡区，输学号和密码，按提示挂失、确认身份、扣费11元（从一卡通余额扣），扣完当场出卡，余额实时转到新卡。全程三五分钟。','学姐','/images/character_xuejie.png','/images/story_bg_default.jpg',0,9,NULL,'scene',NULL,NULL),(587,3,'card10','如果余额不够11元，先在\"日新工大\"APP用支付宝或微信充值再补，不然机器会卡住。','学姐','/images/character_xuejie.png','/images/story_bg_default.jpg',0,10,NULL,'scene',NULL,NULL),(588,3,'card11','补卡遇到问题——身份证读不出、系统报错，打 67392429，或直接去知新园101一卡通服务大厅，工作日8:00到17:00有人。','学姐','/images/character_xuejie.png','/images/story_bg_default.jpg',0,11,NULL,'scene',NULL,NULL),(589,3,'card12','对了，补卡后旧实体卡自动作废，捡到也没用，不用管它。','学姐','/images/character_xuejie.png','/images/story_bg_default.jpg',0,12,NULL,'scene',NULL,NULL),(590,3,'card13','最后提醒：卡别弯折、别打孔、别靠强磁场，里面是芯片，坏了补卡照样收费。平时放卡套里，别跟钥匙手机塞一起，能少丢几次。','学姐','/images/character_xuejie.png','/images/story_bg_default.jpg',0,13,NULL,'scene',NULL,NULL),(591,3,'card_end','就这些。吃饭去吧，食堂刷你的新卡试试灵不灵。\n\n点击完成剧情，获得勋章！','学姐','/images/character_xuejie.png','/images/story_bg_end.jpg',1,14,NULL,'scene',NULL,NULL),(592,17,'cs1','看到从三教涌出来这拨人了吗？认识环境、办手续都只是前菜，你们真正的大学节奏从这个画面开始。','学姐','/images/character_xuejie.png','/images/story_bg_default.jpg',0,1,NULL,'scene',NULL,NULL),(593,17,'cs2','这个点多半是刚下选修课。你现在课表只有必修，觉得课不多，等选课一开，你也会像他们一样在几个教学楼之间来回跑。','学姐','/images/character_xuejie.png','/images/story_bg_default.jpg',0,2,NULL,'scene',NULL,NULL),(594,17,'cs3','趁现在把选课说清楚。先讲底层规则：必修是教务处直接置入课表的，不用你管。你要自己选的是三类——专选、通识、校选。','学姐','/images/character_xuejie.png','/images/story_bg_default.jpg',0,3,NULL,'scene',NULL,NULL),(595,17,'cs4','专选就是专业选修课。选课时选好年级和专业，系统只显示你下学期能选的专选。很多专业大二上还没开多少，先别急；开出好几门也不是全选，照培养计划挑。','学姐','/images/character_xuejie.png','/images/story_bg_default.jpg',0,4,NULL,'scene',NULL,NULL),(596,17,'cs5','通识是公共选修课，大二开始能选。不影响保研排名，但影响GPA。想出国的会专挑给分高的通识刷加权。','学姐','/images/character_xuejie.png','/images/story_bg_default.jpg',0,5,NULL,'scene',NULL,NULL),(597,17,'cs6','校选是选别的专业的课。经管、社会学类普遍比工科好拿分。25届能不能用本专业专选抵校选，说法有分歧，直接问教务最稳。','学姐','/images/character_xuejie.png','/images/story_bg_default.jpg',0,6,NULL,'scene',NULL,NULL),(598,17,'cs7','每学期选课学分上限30分。修不够不能毕业，超过34分你会累到不行，一般按28到30走。','学姐','/images/character_xuejie.png','/images/story_bg_default.jpg',0,7,NULL,'scene',NULL,NULL),(599,17,'cs8','选课分三轮，规则不一样，搞清楚再动手。','学姐','/images/character_xuejie.png','/images/story_bg_default.jpg',0,8,NULL,'scene',NULL,NULL),(600,17,'cs9','第一轮预选：不限容量、选多少都行，最后系统随机抽签。所以第一轮尽量多选提高中签率；不想要的课必须这轮退掉，到正选就退不了了。','学姐','/images/character_xuejie.png','/images/story_bg_default.jpg',0,9,NULL,'scene',NULL,NULL),(601,17,'cs10','第二轮正选：先退课后抢课。退课窗口是第一轮中签但不想要的课最后的退出机会，错过就关死。退课结束才是正选抢课，有容量、先到先得。','学姐','/images/character_xuejie.png','/images/story_bg_default.jpg',0,10,NULL,'scene',NULL,NULL),(602,17,'cs11','正选有个关键点：很多人12点半进去没好课就放弃了，但下午两点前后系统会集中释放退课余量，那才是捡漏窗口。','学姐','/images/character_xuejie.png','/images/story_bg_default.jpg',0,11,NULL,'scene',NULL,NULL),(603,17,'cs12','正选后人太少的课会被关：专选少于15人且不足班级一半、通识少于15人都会关。被波及就第三轮补选找课，先到先得。','学姐','/images/character_xuejie.png','/images/story_bg_default.jpg',0,12,NULL,'scene',NULL,NULL),(604,17,'cs13','转专业进来的，补修课程先去学院教务科做课程冲抵，确认缺什么再选，别自己直接冲。跟班重修若和正常课冲突，可申请免听不免考，填表备案即可。','学姐','/images/character_xuejie.png','/images/story_bg_default.jpg',0,13,NULL,'scene',NULL,NULL),(605,17,'cs14','操作上：校内从 my.bjut.edu.cn 走统一认证，校外用 webvpn。选课界面筛选Tag里把\"推荐选课\"删掉，能看到的课更多。','学姐','/images/character_xuejie.png','/images/story_bg_default.jpg',0,14,NULL,'scene',NULL,NULL),(606,17,'cs15','每学期选完去\"学生学业情况查询\"看还缺什么，别等大四才发现学分不够。经管类通识可抵通识任意选修学分，其他类型能不能抵——问教务。','学姐','/images/character_xuejie.png','/images/story_bg_default.jpg',0,15,NULL,'scene',NULL,NULL),(607,17,'cs16','还有，别找人代选，也别帮别人选，账号自己管好。选课时间不固定，每次期末考完看教务处通知，自己盯着，别指望有人提醒你。','学姐','/images/character_xuejie.png','/images/story_bg_default.jpg',0,16,NULL,'scene',NULL,NULL),(608,17,'cs_end','差不多了。你现在还没开始上课，先对选课有个概念，等能选了再细讲也不迟。\n\n点击完成剧情，获得勋章！','学姐','/images/character_xuejie.png','/images/story_bg_end.jpg',1,17,NULL,'scene',NULL,NULL),(609,18,'ov1','你翻的什么……境外交流手册？行，你开始看这个了。趁现在把长期境外交流的流程讲一遍，提前知道比临时跑手续省事得多。','学姐','/images/character_xuejie.png','/images/story_bg_default.jpg',0,1,NULL,'scene',NULL,NULL),(610,18,'ov2','先说什么时间能申请。长期境外交流的通知每学期初前几周发，申请的是下一学期出去。申秋季学期可选一学期或一学年；申春季学期只能一学期。','学姐','/images/character_xuejie.png','/images/story_bg_default.jpg',0,2,NULL,'scene',NULL,NULL),(611,18,'ov3','本科阶段总共最长只能申请一年境外交流。大二到大四是主要窗口，大一太早，基本没项目开放给大一。','学姐','/images/character_xuejie.png','/images/story_bg_default.jpg',0,3,NULL,'scene',NULL,NULL),(612,18,'ov4','流程第一步：等学校发布项目通知，看这学期有哪些学校、哪些专业能申请，选一个你符合条件的报名。','学姐','/images/character_xuejie.png','/images/story_bg_default.jpg',0,4,NULL,'scene',NULL,NULL),(613,18,'ov5','学校审核通过，校内流程就走完了。但要提醒你——这是两条线：北工大同意你去、境外学校也同意你去。校内过了还得申请对方项目、拿到录取，两边都成才真能出去。','学姐','/images/character_xuejie.png','/images/story_bg_default.jpg',0,5,NULL,'scene',NULL,NULL),(614,18,'ov6','校内申请走网上办事大厅，发起长期境外交流申请。审批：辅导员→学院教务科→专业负责人→学院外事秘书→学院外事领导→国际交流合作处，走完大概一个月内。','学姐','/images/character_xuejie.png','/images/story_bg_default.jpg',0,6,NULL,'scene',NULL,NULL),(615,18,'ov7','国际处通过后会反馈给学院和你本人，这时才能继续办境外学校那边的申请。','学姐','/images/character_xuejie.png','/images/story_bg_default.jpg',0,7,NULL,'scene',NULL,NULL),(616,18,'ov8','收到境外学校录取通知书后，还有几件必须做的事。','学姐','/images/character_xuejie.png','/images/story_bg_default.jpg',0,8,NULL,'scene',NULL,NULL),(617,18,'ov9','第一，参加国际处的行前说明会，必须去，不去不派出。国际处在科学楼221。','学姐','/images/character_xuejie.png','/images/story_bg_default.jpg',0,9,NULL,'scene',NULL,NULL),(618,18,'ov10','第二，在网上办事大厅办休学申请，出国前必须完成，没办休学不派出，具体问教务处。','学姐','/images/character_xuejie.png','/images/story_bg_default.jpg',0,10,NULL,'scene',NULL,NULL),(619,18,'ov11','第三，签《学生出国（境）交流协议书》，国际处会通知你签。','学姐','/images/character_xuejie.png','/images/story_bg_default.jpg',0,11,NULL,'scene',NULL,NULL),(620,18,'ov12','出发前还有件很重要的事——学分兑换。提前和学院教务科商量好境外哪些课能兑换北工大哪些课。境外期间算休学，要么用境外课程抵学分、要么回来补修，必须出发前形成书面计划。','学姐','/images/character_xuejie.png','/images/story_bg_default.jpg',0,12,NULL,'scene',NULL,NULL),(621,18,'ov13','好消息：形势与政策可在境外完成；大四毕设也能在国外做，但要满足\"项目类课程+有论文+有答辩\"三个条件才能抵毕设，缺一个回来还得补。','学姐','/images/character_xuejie.png','/images/story_bg_default.jpg',0,13,NULL,'scene',NULL,NULL),(622,18,'ov14','境外期间每月底填《境外交流学生情况月度反馈表》交给学院外事秘书。回国前记得问外方要官方成绩单，寄给国际处或让对方发国际处邮箱电子版。','学姐','/images/character_xuejie.png','/images/story_bg_default.jpg',0,14,NULL,'scene',NULL,NULL),(623,18,'ov15','回国后：第一，网上办事大厅办复学；第二，提交回访表和入境记录；第三，去国际处做成绩单认证。认证也要去科学楼一趟，不是你自己拿着成绩单就能找学院换学分。','学姐','/images/character_xuejie.png','/images/story_bg_default.jpg',0,15,NULL,'scene',NULL,NULL),(624,18,'ov16','钱的事：项目分自费和免学费两种，不管哪种，北工大学费都要正常交。同时不管自费公费都能申请境外交流奖学金。','学姐','/images/character_xuejie.png','/images/story_bg_default.jpg',0,16,NULL,'scene',NULL,NULL),(625,18,'ov17','奖学金分长期短期。长期分特等、一等、二等，金额一万到三万，看GPA和排名；申请时间等国际处通知。','学姐','/images/character_xuejie.png','/images/story_bg_default.jpg',0,17,NULL,'scene',NULL,NULL),(626,18,'ov18','补充：大二能申到的项目看专业，大二下比大二上多些，但主要是大三出去的多；大二报要确认学分够、专业课前置满足。','学姐','/images/character_xuejie.png','/images/story_bg_default.jpg',0,18,NULL,'scene',NULL,NULL),(627,18,'ov19','奖学金条件：特等要GPA3.5以上或专业前15%、且去世界前100合作校；一等GPA3.0以上或前30%；二等GPA2.7以上或前40%。短期项目五千，线上短期按团费30%给、封顶三千。','学姐','/images/character_xuejie.png','/images/story_bg_default.jpg',0,19,NULL,'scene',NULL,NULL),(628,18,'ov_end','行，大概就这些。这流程跨度很长，大二大三再具体看通知就行，现在知道几个关键节点、别临时抱佛脚就好。\n\n点击完成剧情，获得勋章！','学姐','/images/character_xuejie.png','/images/story_bg_end.jpg',1,20,NULL,'scene',NULL,NULL),(629,19,'plan1','你大一课表看着挺松吧？其实平乐园08:00上第一节课。北区宿舍到一教5分钟，南区到一教10到15分钟，算好时间起床，别迟到。','学姐','/images/character_xuejie.png','/images/story_bg_default.jpg',0,1,NULL,'scene',NULL,NULL),(630,19,'plan2','食堂早餐窗口多数07:00到09:00，09:00后不补餐；美食园06:30到20:30全天有，但品种少。记住这俩时间，开学第一周别饿着。','学姐','/images/character_xuejie.png','/images/story_bg_default.jpg',0,2,NULL,'scene',NULL,NULL),(631,19,'plan3','不过今天聊的不是上课，是上课之外的事。大学四年，你要在教务系统完成三个硬指标——第二课堂学分、志愿时长、创新学分，缺任何一个，拿不到学位证。','学姐','/images/character_xuejie.png','/images/story_bg_default.jpg',0,3,NULL,'scene',NULL,NULL),(632,19,'plan4','第二课堂分德智体美劳五个方向，每方向1到2分，看学院培养方案；参加一次活动给0.1到0.5分。信息在班级群、学院公众号、\"学习通\"发布。大一大二每学期参加3到5次基本就够，别堆到后期。','学姐','/images/character_xuejie.png','/images/story_bg_default.jpg',0,4,NULL,'scene',NULL,NULL),(633,19,'plan5','志愿时长不低于20小时，具体看学院。迎新、校运会、图书馆整理都算，校青协和学院志愿部会发招募。大一大二顺带做，每次2到4小时，一年凑够没问题。','学姐','/images/character_xuejie.png','/images/story_bg_default.jpg',0,5,NULL,'scene',NULL,NULL),(634,19,'plan6','创新学分：大创项目春季立项，学科竞赛（挑战杯、互联网+、数学建模）、发论文、申专利都能拿。哪些算分、要多少分，查学院培养计划或问辅导员，每个学院不一样。','学姐','/images/character_xuejie.png','/images/story_bg_default.jpg',0,6,NULL,'scene',NULL,NULL),(635,19,'plan7','以上是所有人必须完成的底线。下面说你未来的方向——大四去向大概深造、出国、就业各三分之一，所以大二结束前最好定一条主路径：保研、考研、出国、就业。四条准备节奏完全不同。','学姐','/images/character_xuejie.png','/images/story_bg_default.jpg',0,7,NULL,'scene',NULL,NULL),(636,19,'plan_hub1','四条路各不相同，你想先听哪条？可以都听完再决定。','学姐','/images/character_xuejie.png','/images/story_bg_default.jpg',0,8,NULL,'choice','[{\"text\": \"A. 保研\", \"targetNodeId\": \"plan_by1\"}, {\"text\": \"B. 考研\", \"targetNodeId\": \"plan_ky1\"}, {\"text\": \"C. 出国\", \"targetNodeId\": \"plan_ab1\"}, {\"text\": \"D. 就业\", \"targetNodeId\": \"plan_job1\"}, {\"text\": \"E. 我心里有数，直接收尾\", \"targetNodeId\": \"plan_end1\"}]',NULL),(637,19,'plan_by1','先说保研。看大一到大三GPA，专业排名前10%到15%才有推免资格；六级必须过425；有挂科或处分一票否决。','学姐','/images/character_xuejie.png','/images/story_bg_default.jpg',0,9,NULL,'scene',NULL,NULL),(638,19,'plan_by2','时间线：大一到大三上每学期稳住绩点、每门课都重要（含通识）；大二起每年1到2个竞赛或科研；大三上9到10月梳理成果、定目标院校导师；大三下3到4月备个人陈述和推荐信、关注夏令营；6到7月参加夏令营，拿优秀营员基本等于预录取；大四上9月推免资格认定、填国家系统。','学姐','/images/character_xuejie.png','/images/story_bg_default.jpg',0,10,NULL,'scene',NULL,NULL),(639,19,'plan_by3','真实情况：要用三年保持高绩点，竞赛科研说是\"加分\"其实是\"标配\"，没有科研经历保外校很难。另外大三下成绩仍算保研GPA、不能放松；9月学院公布推免细则以当年文件为准；没拿到理想夏令营，9月底还有预推免。','学姐','/images/character_xuejie.png','/images/story_bg_default.jpg',0,11,NULL,'scene',NULL,NULL),(640,19,'plan_by_back','保研就说到这。还想看别的路线吗？','学姐','/images/character_xuejie.png','/images/story_bg_default.jpg',0,12,NULL,'choice','[{\"text\": \"再看看别的路线\", \"targetNodeId\": \"plan_hub1\"}, {\"text\": \"够了，收尾吧\", \"targetNodeId\": \"plan_end1\"}]',NULL),(641,19,'plan_ky1','再说考研。大三下3月开始系统复习，12月底初试。核心是提前把大三下和大四上的课表清空。','学姐','/images/character_xuejie.png','/images/story_bg_default.jpg',0,13,NULL,'scene',NULL,NULL),(642,19,'plan_ky2','时间线：大一到大三上正常上课但尽量提前修学分，确保大三下不超过三门；大三上10到12月定目标院校专业、查科目和参考书；寒假开始背单词、复习数学基础；大三下3到6月基础每天4到6小时；暑假7到8月强化每天8到10小时、别安排实习旅游；大四上9到10月冲刺真题加政治，10月研招网报名，12月倒数第二个周末初试，次年3到4月复试。','学姐','/images/character_xuejie.png','/images/story_bg_default.jpg',0,14,NULL,'scene',NULL,NULL),(643,19,'plan_ky3','考研是信息战：大三上就要定专业课范围，别拖到大三下。考前3到4周持续高压，其他事全暂停。报名时确认院校专业代码，报错没法改，招生简章9月发布注意看科目有无调整。','学姐','/images/character_xuejie.png','/images/story_bg_default.jpg',0,15,NULL,'scene',NULL,NULL),(644,19,'plan_ky_back','考研就说到这。还想看别的路线吗？','学姐','/images/character_xuejie.png','/images/story_bg_default.jpg',0,16,NULL,'choice','[{\"text\": \"再看看别的路线\", \"targetNodeId\": \"plan_hub1\"}, {\"text\": \"够了，收尾吧\", \"targetNodeId\": \"plan_end1\"}]',NULL),(645,19,'plan_ab1','再说出国。看四年全部课程GPA（体育、通识、政治都算），目标3.5以上；语言成绩和软背景都要提前准备。','学姐','/images/character_xuejie.png','/images/story_bg_default.jpg',0,17,NULL,'scene',NULL,NULL),(646,19,'plan_ab2','时间线：大一下到大二上了解目标国家学校要求、定托福还是雅思；大二全年备考，暑假或大三上首考；大三上判断要不要二刷，GRE/GMAT需要就安排在大三下；暑假或寒假做科研实习提升背景；大三下定2到3位专业课教授当推荐人、提前打招呼；暑假写文书初稿、语言最后冲刺；大四上9到10月定校网申、提交第一批。','学姐','/images/character_xuejie.png','/images/story_bg_default.jpg',0,18,NULL,'scene',NULL,NULL),(647,19,'plan_ab3','提醒：大二结束还没开始语言，大三会很紧；推荐信别等申请季前两周才找教授。美国要个人陈述和简历、多数12到1月截止，英国港新滚动录取越早越好；定校时保底、匹配、冲刺校各2到3所；跟踪推荐信提交状态，推荐人没按时交等于作废。','学姐','/images/character_xuejie.png','/images/story_bg_default.jpg',0,19,NULL,'scene',NULL,NULL),(648,19,'plan_ab_back','出国就说到这。还想看别的路线吗？','学姐','/images/character_xuejie.png','/images/story_bg_default.jpg',0,20,NULL,'choice','[{\"text\": \"再看看别的路线\", \"targetNodeId\": \"plan_hub1\"}, {\"text\": \"够了，收尾吧\", \"targetNodeId\": \"plan_end1\"}]',NULL),(649,19,'plan_job1','再说直接就业。企业看实习、项目和技能，绩点不挂科能毕业就行。但实习要求连续3个月左右，得提前规划课表。','学姐','/images/character_xuejie.png','/images/story_bg_default.jpg',0,21,NULL,'scene',NULL,NULL),(650,19,'plan_job2','时间线：大一下到大二上学岗位技能（校内一般不教）——技术岗学编程框架/数据库/刷算法（LeetCode 200题以上、GitHub有项目），非技术岗学产品工具/设计/数据分析；大二暑假第一段实习，不求大厂、有经历就比空白强；大三积累技能做项目；大三暑假是关键实习期，暑期实习3到5月启动、有转正机会；大四上9到10月秋招黄金期，11到12月补录，大四下3到4月春招。','学姐','/images/character_xuejie.png','/images/story_bg_default.jpg',0,22,NULL,'scene',NULL,NULL),(651,19,'plan_job3','大四上课表必须空出来，秋招要跑宣讲、笔试、面试常请假。大三就关注招聘动态、学简历和面试。技术岗大三就在牛客网刷面经，非技术岗大二做一份目标岗位相关的项目或作品，面试能拿出来讲。','学姐','/images/character_xuejie.png','/images/story_bg_default.jpg',0,23,NULL,'scene',NULL,NULL),(652,19,'plan_job_back','就业就说到这。还想看别的路线吗？','学姐','/images/character_xuejie.png','/images/story_bg_default.jpg',0,24,NULL,'choice','[{\"text\": \"再看看别的路线\", \"targetNodeId\": \"plan_hub1\"}, {\"text\": \"够了，收尾吧\", \"targetNodeId\": \"plan_end1\"}]',NULL),(653,19,'plan_end1','不用太紧张，这四条路你现在不用定死，但至少要知道每条的门槛在哪。最后给你几个大学最该想清楚的提醒。','学姐','/images/character_xuejie.png','/images/story_bg_default.jpg',0,25,NULL,'scene',NULL,NULL),(654,19,'plan_end2','第一，课表不等于你的一天。上课只占每天三分之一到一半，剩下的时间——下午没课、晚上、周末——决定了你大四的出路，从第一周就规划课余时间。','学姐','/images/character_xuejie.png','/images/story_bg_default.jpg',0,26,NULL,'scene',NULL,NULL),(655,19,'plan_end3','第二，学分和绩点是两回事。修满学分是及格线，绩点高才有选择权——保研、转专业、出国都看绩点。大一绩点是后面所有竞争的基础，别想着先混混。','学姐','/images/character_xuejie.png','/images/story_bg_default.jpg',0,27,NULL,'scene',NULL,NULL),(656,19,'plan_end4','第三，能在大三前完成的别拖到大四。四六级、第二课堂、志愿时长、创新学分、主要专业课全部提前做，每学期开学看一眼\"学生学业情况查询\"，知道自己还缺什么。','学姐','/images/character_xuejie.png','/images/story_bg_default.jpg',0,28,NULL,'scene',NULL,NULL),(657,19,'plan_end5','第四，时间冲突不可避免，没人能什么都做。想清楚主路径是什么，把时间优先给主路径上的事。','学姐','/images/character_xuejie.png','/images/story_bg_default.jpg',0,29,NULL,'scene',NULL,NULL),(658,19,'plan_end6','具体到\"创新学分怎么录\"\"我这个专业保研比例多少\"这类细节，辅导员和学院教务最权威，比任何学长学姐都准，不确定就直接问。行了，回去慢慢想，大一第一周理清楚，后面三年轻松很多。\n\n点击完成剧情，获得勋章！','学姐','/images/character_xuejie.png','/images/story_bg_end.jpg',1,30,NULL,'scene',NULL,NULL);
/*!40000 ALTER TABLE `story_nodes` ENABLE KEYS */;
UNLOCK TABLES;

LOCK TABLES `process_markers` WRITE;
/*!40000 ALTER TABLE `process_markers` DISABLE KEYS */;
INSERT INTO `process_markers` (`id`, `code`, `name`, `description`, `steps`, `position_x`, `position_y`, `short_story_id`, `status`, `sort_order`) VALUES (1,'medical','🏥 医保报销流程','了解校医院就诊和医保报销的完整流程','[\"在校医院挂号就诊\", \"医生开具转诊单（如需外院就诊）\", \"持转诊单到指定医院就诊\", \"收集发票、病历等材料\", \"返校提交报销材料到校医院窗口\", \"等待审核，报销款打入银行卡\"]',20.50,45.30,2,'enabled',1),(2,'card','💳 一卡通补办','校园一卡通丢失后如何快速补办','[\"在校园卡服务中心挂失\", \"缴纳工本费（现金/微信）\", \"现场拍照制卡\", \"领取新卡，激活使用\"]',62.00,30.00,3,'enabled',2),(3,'print','🖨️ 校园打印流程','如何在校园内使用打印服务','[\"前往校园打印店或图书馆打印区\", \"连接校园网或使用U盘\", \"上传/选择打印文件\", \"设置打印参数（单双面、份数等）\", \"刷卡或扫码支付\", \"取走打印件\"]',45.00,70.00,4,'hidden',3),(13,'course_select','🎓 选课攻略','专选/通识/校选怎么选、三轮选课怎么抢','[\"分清专选、通识、校选三类\", \"第一轮预选尽量多选（抽签）\", \"第二轮先退课后抢课，下午两点捡漏余量\", \"人少的课会被关，第三轮补选\", \"选完查学业情况看还缺什么\"]',50.00,50.00,17,'enabled',4),(14,'overseas_exchange','✈️ 境外交流','长期境外交流从申请到回国的完整流程','[\"看通知选符合条件的项目报名\", \"校内网上办事大厅逐级审批到国际处\", \"拿到境外学校录取\", \"行前说明会+办休学+签协议+学分兑换\", \"境外每月反馈，回国办复学、成绩单认证\"]',42.00,78.00,18,'enabled',5);
/*!40000 ALTER TABLE `process_markers` ENABLE KEYS */;
UNLOCK TABLES;

LOCK TABLES `campus_maps` WRITE;
/*!40000 ALTER TABLE `campus_maps` DISABLE KEYS */;
INSERT INTO `campus_maps` (`id`, `name`, `image_url`, `version`, `is_active`, `upload_time`) VALUES (1,'平乐园校区平面图','https://ai.tanxiaozhilv.uk/maps/map2.png','v2',1,'2026-07-10 01:11:42');
/*!40000 ALTER TABLE `campus_maps` ENABLE KEYS */;
UNLOCK TABLES;

LOCK TABLES `kb_entries` WRITE;
/*!40000 ALTER TABLE `kb_entries` DISABLE KEYS */;
INSERT INTO `kb_entries` (`id`, `category`, `question`, `answer`, `keywords`, `contact`, `source`, `images`, `status`, `updated_at`, `created_at`) VALUES (8,'办事流程','医保报销怎么办理','医保报销流程：1) 在校医院挂号就诊；2) 如需外院就诊，由医生开具转诊单；3) 持转诊单到指定医院就诊；4) 收集发票、病历等材料；5) 返校后到校医院报销窗口提交材料；6) 等待审核，报销款打入银行卡。','医保 报销 就医 转诊 发票 校医院','','探校之旅办事流程',NULL,'enabled','2026-07-14 15:44:34','2026-07-14 15:44:34'),(9,'工大百科','工大百科','点击下方👇链接👇即可查看对应内容~\n\n热门问题\n\n新生答疑\n\n宿舍介绍\n\n组织和社团\n\n信息服务\n\n好好学习\n\n经验分享\n\n温暖工大\n\n编写中。。。\n\n百科介绍\n\n这是一本关于北工大的百科全书，里面包含了从你入校、宿舍生活、社团活动、学习、选修课、竞赛、转专业、保研、国际交流、医疗报销、等等几乎所有你在工大可能会遇上的问题，让你的大学生活拥有开挂一般的体验。\n\n请一定利用好【搜索】和【切换页面】功能，不然你会迷失在知识的海洋中！\n\n【搜索】\n\n【切换页面】\n\n校园社区\n\n于此同时，喵喵还有一个校园社区【校园喵mini】，这里的每一位同学都非常友好、和善、大家互帮互助，共同进步，也欢迎你加入~','工大百科','','工大百科(学生整理)','[{\"url\": \"/kb-images/a8520811fe2db15e.jpg\", \"desc\": \"腾讯文档「工大百科」小程序首页截图，红色标注指示如何打开菜单进行搜索。\"}, {\"url\": \"/kb-images/560b19e7068da2f4.jpg\", \"desc\": \"两张「工大百科」文档界面截图，左图为首页栏目列表，右图为展开的页面目录，红字标注切换页面与展开子页面的操作。\"}]','enabled','2026-07-14 23:30:42','2026-07-14 15:44:34'),(10,'热门问题','热门问题','本章节介绍一下喵喵经常被问到的问题\n\n最新校历\n\n校园一卡通如何补办？\n\n学生证如何补办？\n\n校车（班车）时间表\n\n师生亲友入校预约\n\n校门开放时间表\n\n浴室开放时间\n\n食堂开放时间\n\n健康证\n\n校内网换绑手机号\n\n教务处位置及联系方式','热门问题','','工大百科(学生整理)',NULL,'enabled','2026-07-14 15:44:34','2026-07-14 15:44:34'),(11,'热门问题','最新校历','校历解释\n\n中秋、国庆等法定节假日都是正常放假的，图上没标红而已，是否调休到时候看具体的放假通知\n\n（PS：往年清明、五一都没有调休，希望今年继续保持！）\n\n17-19 周是考试周或小学期\n\n（如果你的专业没有考试，或者考试很少，那你的寒假此时就可以开始啦 ）','热门问题 最新校历','','工大百科(学生整理)','[{\"url\": \"/kb-images/310492cf3278e34b.jpg\", \"desc\": \"2025-2026学年第一学期校历表（含节假日标注）\"}]','enabled','2026-07-14 23:56:41','2026-07-14 15:44:34'),(12,'热门问题','校园一卡通如何补办？','校园一卡通是我校师生的校内“身份证”日常校园内的生活都需要它，但天天带着，总是会有那么几次不小心把它弄丢了，该咋办？\n\n社区求助\n\n发现丢卡了，不用担心！\n\n先到校园喵论坛 #失物招领 话题下看看有没有好心人已经捡到\n\n或者自己发一条帖子添加话题 #我丢东西了 在线寻卡（描述清除丢卡时间、地点、学部及姓名等信息）\n\n自助补卡机\n\n输入学号和密码后，点击确定后将身份证放在右上身份证读卡区，身份信息验证无误后点击挂失后即可自助补卡\n\n自助补卡出现问题可以联系 67392429\n\n一卡通初始密码为身份证后六位，其中有X的话试试0或者1\n\n补卡费用收取成本 11 元/卡，补卡后账户金额实时到账，自助机办完当场即可拿到新卡\n\n现场服务\n\n网络与信息技术中心校园一卡通服务大厅办公地址、电话和时间\n\n地 址：平乐园校区知新园 101 室\n\n电 话：010-67392429\n\n时 间：工作日 8:00-12:00，13:30-17:00\n\n知新园位置如下所示，就在图书馆和7号楼之间\n\n参考资料\n\n《校园网IT使用指南2024.pdf》','热门问题 校园一卡通如何补办？','','工大百科(学生整理)','[{\"url\": \"/kb-images/ddd1cadf3ce5a4e6.jpg\", \"desc\": \"校园自助补卡终端设备照片及其触摸屏界面（自助服务系统主界面和自助补卡流程界面）。\"}, {\"url\": \"/kb-images/fd2d97c3786f76cb.jpg\", \"desc\": \"「自助机（自助补卡终端和自助圈存终端）分布情况」表格，列出各校区楼宇的自助设备类别、数量及补卡类型。\"}, {\"url\": \"/kb-images/7149e9975ec517e5.jpg\", \"desc\": \"校园3D立体地图局部，红圈标注「知新园」位置，周围为逸夫图书馆、第三教学楼及各号宿舍楼。\"}]','enabled','2026-07-14 23:56:41','2026-07-14 15:44:34'),(13,'热门问题','学生证如何补办？','有的同学用学生证买车票，有的同学用学生证打窝，有的同学用学生证炫耀，学生证表示太容易丢了，已老实，求放过，那么本章教大家如何补办学生证！\n\n一、打开企业微信\n\n二、填写个人信息（如下）\n\n三、审核通过后，将1寸白底照片交至学综楼4层一站式服务大厅（导航软件可搜）\n\n四、等待通知领取学生证','热门问题 学生证如何补办？','','工大百科(学生整理)','[{\"url\": \"/kb-images/9fb251c9fe0163a8.jpg\", \"desc\": \"手机App工作台界面截图，标注如何找到本科学生证补办入口\"}, {\"url\": \"/kb-images/bbf37e62885132d9.jpg\", \"desc\": \"本科学生证补办申请表单界面截图，含填写项与办理说明\"}]','enabled','2026-07-14 23:30:42','2026-07-14 15:44:34'),(14,'热门问题','校车（班车）时间表','为了方便通州校区和本部师生的通勤，学校特此设置了班车\n\n发车时间表\n\n工作日\n\n温馨提示：周六日可自行乘坐地铁通勤，或者到校园喵论坛添加话题 #拼车 找小伙伴一起打车\n\n发车地点\n\n通州发车地点在汲学楼正门\n\n本部在逸夫图书馆北侧秋实广场\n\n常见问题\n\n班车收费吗？\n\n工大师生持一卡通免费乘车\n\n班车需要多久？\n\n不堵车的话单程40分钟左右\n\n班车上可以带行李箱吗？\n\n和平常大巴一样可携带行李箱\n\n每次发车有几俩班车？\n\n每个发车时间点只有一辆班车\n\n参考资料\n\n日新工大 - 班车查询','热门问题 校车（班车）时间表','','工大百科(学生整理)','[{\"url\": \"/kb-images/34193bb6c543a22b.jpg\", \"desc\": \"校本部与通州校区之间校车（班车）发车时间表\"}, {\"url\": \"/kb-images/87cb1e83a6ddac9e.jpg\", \"desc\": \"校园三维地图局部，标注秋实广场及周边建筑\"}]','enabled','2026-07-14 23:56:41','2026-07-14 15:44:34'),(15,'热门问题','师生亲友入校预约','如果需要带自己的家人朋友进校参观，则需要提前预约，本文介绍两种预约方法。\n\n日新工大APP\n\n一站式 - 师生亲友入校预约\n\n在顶部搜索框输入“师生亲友”\n\n内网信息门户\n\nhttps://my.bjut.edu.cn\n\n网上办事 - 师生亲友入校预约申请\n\n常见问题\n\n可以预约本部吗？\n\n预约系统是通用的，本部、通州都可以预约使用\n\n是否需要提前预约？\n\n为确保顺利入校，请至少提前一天预约\n\n如何判断是否预约成功？\n\n预约成功后亲友会收到短信提醒，到时候刷身份证入校即可\n\n一次预约是否可以多次进校？\n\n一次预约申请仅供亲友入校一次，如需下次入校，请重新预约\n\n预约了但实际未去是否有影响？\n\n预约后如无法入校无任何影响\n\n亲友是否可以开车入校？\n\n通州、中蓝无法停车，本部停车请导航到东南门，停车按时收费\n\n参考资料\n\n春暖花开！和北工大约起来～','热门问题 师生亲友入校预约','','工大百科(学生整理)','[{\"url\": \"/kb-images/8bff1355ecef2f75.jpg\", \"desc\": \"「网上办事大厅/一网通办」App首页截图，含我的收藏与热门服务列表，红框标注底部中间的按钮。\"}, {\"url\": \"/kb-images/9a2fb1aa594834e1.jpg\", \"desc\": \"服务大厅搜索界面截图，搜索框输入「师生亲友」，红框标注搜索结果「师生亲友入校预约申请」。\"}, {\"url\": \"/kb-images/992f9b3dd91fa748.jpg\", \"desc\": \"内网综合门户网页截图，左侧导航栏红框标注「网上办事」，右侧为用户信息面板（个人信息已打码）。\"}, {\"url\": \"/kb-images/c33ace83c1649989.jpg\", \"desc\": \"网上办事服务卡片列表截图，红框标注「师生亲友入校预约申请」卡片，展示各服务办理时限、办理量及承办部门。\"}]','enabled','2026-07-14 23:56:41','2026-07-14 15:44:34'),(16,'热门问题','校门开放时间表','校门名称\n\n开放时间\n\n备注\n\n西门\n\n00:00-24:00\n\n东南门\n\n05:50-23:00\n\n东门\n\n06:00-23:00\n\n机动车仅出口\n\n北门\n\n06:00-23:00\n\n仅行人出入\n\n南门\n\n06:00-23:00\n\n西区东门\n\n00:00-24:00\n\n地铁站南侧围墙小门\n\n06:00-24:00\n\n仅本校师生出入\n\n中蓝公寓南门\n\n00:00-24:00','热门问题 校门开放时间表','','工大百科(学生整理)',NULL,'enabled','2026-07-14 15:44:34','2026-07-14 15:44:34'),(17,'热门问题','浴室开放时间','9月1号后浴室开放时间\n\n南区浴室\n\n星期一~星期六 10:00--22:30\n星期日 12:00--22:30 浴室23:00关门（22:30停止进入）\n\n北区浴室\n\n星期日~星期五 10:00--22:30\n星期六 12:00--22:30 浴室23:00关门（22:30停止进入)\n\n1号男生宿舍楼浴室\n\n19:00-22:00\n\n2号男生宿舍楼浴室\n\n19:00-22:00\n\n3号女生宿舍楼浴室\n\n19:00-22:00\n\n4号女生宿舍楼浴室\n\n19:00-22:00','热门问题 浴室开放时间','','工大百科(学生整理)',NULL,'enabled','2026-07-14 15:44:34','2026-07-14 15:44:34'),(18,'热门问题','食堂开放时间','北区餐厅\n\n开餐时间：\n\n早餐：7:00-9:00；\n\n午餐：11:00-13:00；\n\n晚餐：16:30-18:30\n\n北区餐车\n\n开餐时间：\n\n周一至周五（除节假日）午餐：11:00-12:30\n\n清真餐厅\n\n开餐时间：7:00-20:30\n\n奥运餐厅\n\n开餐时间：\n\n早餐：7:00-9:00；\n\n午餐：11:00-13:00；\n\n晚餐：16:30-18:30\n\n南区餐车\n\n开餐时间：周一至周五（除节假日）午餐：11:00-12:30\n\n美食园餐厅、风味餐厅\n\n开餐时间：\n\n美食园餐厅：6:30-20:30；\n\n风味餐厅：    9:00-22:00\n\n天天咖啡厅\n\n开餐时间：\n\n天天咖啡厅：工作日：7：00-21：00；周六日： 9：00-21：00\n\n教工餐厅：早餐：7:00-8:30；午餐：11:00-13:00\n\n中蓝公寓餐厅\n\n开餐时间：\n\n基本伙：\n\n早餐：7:00-9:00\n\n午餐：11:00-13:00\n\n晚餐：16:30-18:30；\n\n风味档口：7:00-21:00','热门问题 食堂开放时间','','工大百科(学生整理)','[{\"url\": \"/kb-images/a2b29d7fa795c47d.jpg\", \"desc\": \"学生综合服务楼（Student Service Bldg.）外景照片，含思源路、学子路路口指示牌。\"}, {\"url\": \"/kb-images/0e4f6bc113d0e9f2.jpg\", \"desc\": \"快餐车（餐车）照片，蓝色车身，三名工作人员在车内售卖餐食，旁立指示牌。\"}, {\"url\": \"/kb-images/c3e877946a527cdc.jpg\", \"desc\": \"清真食堂建筑外景照片，红砖楼体，正门上方有金色「清真食堂」牌匾。\"}, {\"url\": \"/kb-images/3b27ca647967152b.jpg\", \"desc\": \"奥运餐厅外景照片，红砖建筑，门前设可乐遮阳棚展位。\"}, {\"url\": \"/kb-images/67a4cabada74c0c0.jpg\", \"desc\": \"风味餐厅/美食园（新沐兰）建筑外景，楼下挂有节能横幅。\"}, {\"url\": \"/kb-images/e511fac8d5560c71.jpg\", \"desc\": \"美食园与天天咖啡厅门面照片，右侧立有营业时间指示牌。\"}]','enabled','2026-07-14 23:56:41','2026-07-14 15:44:34'),(19,'热门问题','健康证','1、校医院五层保健科（504）领体检表和收费单\n\n2、到一层收费处交体检费20元（一卡通、微信、支付宝、现金）\n\n3、二层 体检项目：\n\n注意：科室不用挂号，人少直接进，人多在门外排队即可\n\n内科检查：自助量血压，医生听心跳\n\n外科检查：医生看脚底（脚气）\n\n4、五层 体检完到保健科（504）领取体检合格证\n\n5、体检时间：周一、周二、周四、周五全天办理\n\n上午8:00-11:30\n\n下午13:30-16:30','热门问题 健康证','','工大百科(学生整理)','[{\"url\": \"/kb-images/625eb32709c3d2ce.jpg\", \"desc\": \"医院体格检查表（办游泳证用）及体检缴费治疗单实拍照片\"}]','enabled','2026-07-14 23:56:41','2026-07-14 15:44:34'),(20,'新生答疑','新生答疑','作为刚入校的萌新们，肯定对学校充满了好奇，本章节就全面的介绍你在工大生活学习的方方面面\n\n帮助你快速融入工大大家庭，更好的在工大生活学习~\n\n校园地图\n\n快递地址\n\n运动场地\n\n上课时间以及课表说明\n\n学校常用公众号\n\n校园网、VPN、校园卡都是啥？\n\n学号各个数字的含义\n\n学院划分及专业方向\n\n2024级新生课表\n\n校园防骗手册','新生答疑','','工大百科(学生整理)',NULL,'enabled','2026-07-14 15:44:34','2026-07-14 15:44:34'),(21,'新生答疑','校园地图','静态地图仅供参考，大家可下载高德地图、腾讯地图等APP获取更好的导航体验\n\n本部地图\n\n3D地图\n\n手绘风\n\n平面图\n\n下图标注了体育课上课地点\n\nVR地图\n\n也可以看看 360° 全景 VR 校园地图\n\n特殊说明\n\n五人制足球馆：就在游泳池后面，快递驿站旁边的地下，校园喵社区同学拍的照片如下：\n\n形体礼仪教室：进快递驿站，里面有一个长走廊，右转尽头就到了\n\n信北阶：信息楼北部阶梯教室\n\n通州校区\n\n北京工业大学通州校区\n北京工业大学通州校区 - 720云VR全景制作网\nhttps://www.720yun.com/t/90vktmpe5fq','新生答疑 校园地图','','工大百科(学生整理)','[{\"url\": \"/kb-images/ba083c1b32fa4619.jpg\", \"desc\": \"校园地图（三维立体渲染版），标注各楼宇、宿舍、校门位置\"}, {\"url\": \"/kb-images/4ac4fc4b1b2865b4.jpg\", \"desc\": \"本部（平乐园校区）平面手绘地图，标注楼宇、操场、餐厅、校门\"}, {\"url\": \"/kb-images/3e1d8f38e1cc4ea7.jpg\", \"desc\": \"平乐园校区总平面图（矢量彩色版，文字较小不清晰）\"}, {\"url\": \"/kb-images/5a8487746c0a6ec8.jpg\", \"desc\": \"平乐园校区总平面图（带体育课程/场地标注版）\"}, {\"url\": \"/kb-images/e160a0dea4aff778.jpg\", \"desc\": \"VR校园全景入口图（经管楼中庭室内全景照片）\"}, {\"url\": \"/kb-images/c26ef4aa8334f04a.jpg\", \"desc\": \"三维校园地图局部放大图，红色箭头指向信息楼附近位置\"}]','enabled','2026-07-14 23:56:41','2026-07-14 15:44:34'),(22,'新生答疑','快递地址','本部\n\n地址：北京北京市朝阳区南磨房镇平乐园100号北京工业大学\n\n位置：游泳馆后面快递驿站、快递柜\n\n时间：快递柜24小时开放，驿站：9:00-19:00\n\n中蓝\n\n地址：北京市朝阳区西大望路27号北京工业大学中蓝公寓\n\n位置：蓝晖园旁边，中蓝自习室斜对面\n\n介绍：快递服务站共有柜机4组，格口1500个。目前大部分快递例如：中通，圆通，申通，韵达，顺丰，京东，丹鸟，极兔快递等均可入站，少部分例如：德邦物流于中蓝校区南门口摆摊。\n\n通州\n\n地址：北京市通州区永顺镇潞苑南大街1145号北京工业大学通州校区\n\n位置：学校北门快递柜（所有快递及大部分外卖）\n\n时间：室外智能自提柜24小时开放， 室内取件和寄件服务开放时间： 8:30-22:30\n\n参考资料\n\n校会·迎新 | 平乐园校区指南\n\n速看！中蓝校区新生生活手册！','新生答疑 快递地址','','工大百科(学生整理)','[{\"url\": \"/kb-images/2c89d6485bd42de4.jpg\", \"desc\": \"校园快递服务站外景，学生在取快递。\"}]','enabled','2026-07-14 23:56:41','2026-07-14 15:44:34'),(23,'新生答疑','运动场地','场地预约\n\n微信小程序“运动场地预约”\n\n注意：\n\n1.校内人员请使用本人校园一卡通进行注册、预约。\n\n2.每日早7:00开放新的预约资源。\n\n3.若超过3次预约不到，系统将自动将该账号列入黑名单，此后无法进行任何预约操作。\n\n4.为避免健身资源浪费，预约后请按时到场，如因故无法到场，请提前取消预约。\n\n5.首次被列入黑名单的用户可到羽毛球场馆前台进行登记、并填写承诺书解除黑名单，受理时间为1到3个工作日。\n\n6.如遇法律、法规、国家政策、相关部门政策变化，法定不可抗力之情形，及体育馆各类大型活动，预约场地自动取消。\n\n篮球场/排球场\n\n位于南操场南侧，奥运餐厅东南侧\n\n开放时间：6:00-20:00\n\n田径场\n\n位于田径场\n\n北操场 全天开放\n\n南操场 开放时间：周一至周五 6:00-18:00，节假日全天关闭（实际使用全天开放）\n\n网球场\n\n位于南操场北侧\n\n开放时间：6:00-20:00\n\n健身房\n\n位于体育馆内北4口处，正对人文楼东门\n\n开放时间：周一至周五 10:00-22:00 周六和周日：9:00-22:00\n\n收费标准：\n\n乒乓球馆\n\n位于南田径场看台下，有23张专业球台。位于南操场西侧地下一层\n\n开放时间:\n\n周一、二、四（17:00-20:00)\n\n周三、六、日（12:00-20:00)\n\n周五（16:00-20:00)\n\n收费标准：\n\n地下训练馆\n\n位于游泳馆的北侧，有1块标准的篮球场地和1块标准的排球场地。优先保障了学校健美操课、排球课以及学校篮球队训练、排球队训练等场地使用。\n\n游泳馆\n\n位于游泳馆\n\n开放时间:\n\n周一、二、四（17:30-20:00)\n\n周三、六、日（12:00-17:00,17:30-20:00)\n\n周五（15:30-17:00,17:30-20:00)\n\n收费标准：\n\n注意：游泳馆每场次为1.5小时（12:00-17:00时段中任意1.5小时为一场次。超过1.5小时，按2场次计费；超过3小时，按3场次计费，以此类推，该时间段清场时间为17:00，请在17:00前离场。）首次游泳健身需携带体检表\n\n羽毛球馆\n\n位于奥运场馆一层，从北一门进入\n\n开放时间：\n\n周一至周五10：00——22：00\n\n周六、日及节假日08：00——22：00\n\n收费标准：','新生答疑 运动场地','','工大百科(学生整理)','[{\"url\": \"/kb-images/732f1a433a32a8f0.jpg\", \"desc\": \"微信小程序卡片：运动场地预约。\"}, {\"url\": \"/kb-images/dcde5614b0c34347.jpg\", \"desc\": \"田径场/足球场照片，远处学生军训列队，挂有红色标语横幅。\"}, {\"url\": \"/kb-images/572c75d7df23970a.jpg\", \"desc\": \"室外网球场照片，学生在打网球，背景为第四教学楼与艺术楼。\"}, {\"url\": \"/kb-images/19aa290e6de74185.jpg\", \"desc\": \"健身房内景照片，一排人在跑步机上跑步。\"}, {\"url\": \"/kb-images/67f0acea630cb241.jpg\", \"desc\": \"健身房收费标准表格。\"}, {\"url\": \"/kb-images/9d2311840efdf2d6.jpg\", \"desc\": \"乒乓球馆内景照片，多张红黑色乒乓球台排列。\"}]','enabled','2026-07-14 23:30:42','2026-07-14 15:44:34'),(24,'新生答疑','上课时间以及课表说明','上课时间\n\n温馨提醒：这个是全校时间安排表，并不代表每个人都有这么多的课，具体每天上到几点，看个人的选课安排\n\n课表说明\n\n每个人的课表都不一样，可以自行到教务管理系统查看，以下面课表为例：\n\n温馨提醒：\n\n大学是按大课来上的，一节大课为两节45分钟的课，中间休息5分钟，所以课表中对应的第一节课就是上课时间表中的第1节和第2节\n\n周三下午为公休日，绝大多数的专业都没有课程安排，可以自由安排时间','新生答疑 上课时间以及课表说明','','工大百科(学生整理)','[{\"url\": \"/kb-images/b135e47780ca5144.jpg\", \"desc\": \"两校区（校本部、通州校区）教学上课时间表\"}, {\"url\": \"/kb-images/b0c1e27b32b24bcb.jpg\", \"desc\": \"2023-2024学年第1学期电子信息工程专业（班号230262）的个人课程表示例\"}]','enabled','2026-07-14 23:56:41','2026-07-14 15:44:34'),(25,'新生答疑','学校常用公众号','温馨提示：手机阅读时请先点击二维码图片，再长按识别\n\n学校\n\n名称\n\n二维码\n\n简介\n\n北京工业大学\n\n不息为体，日新为道。这里是北京工业大学，工小 V 欢迎你~\n\n北工大图书馆\n\n提供随时随地的便捷图书馆服务\n\nBJUT教务处\n\n选课、补考、成绩、转专业等学习相关的咨询\n\n北工大后勤\n\n后勤保障处\n\n北工大学生树\n\n服务广大师生、为大家提供相关资讯\n\n平安北工大\n\n保卫处\n\n北京工业大学财务处\n\n财务相关政策和信息\n\n北京工业大学医院\n\n校医院\n\n北工大心理中心\n\n心理中心和心理协会官方账号\n\n北工大信息化\n\n信息化管理中心，校园网，一卡通等服务\n\n北京工业大学就业中心\n\n招聘信息、就业新闻、就业活动\n\n北京工业大学学生会\n\n学生会\n\n中蓝校区管理委员会\n\n中蓝校区相关资讯\n\n学院\n\n名称\n\n二维码\n\n简介\n\n北京工业大学国际学院\n\n学校、学部各类新闻资讯\n\n北京工业大学信息学部\n\n信息学部\n\n北京工业大学文法学部\n\n弘扬人文情怀,担当社会责任\n\n北工大经管研究生教育\n\n经管学院平台，发布新闻资讯、通知公告\n\n北京工业大学樊恭烋荣誉学院\n\nEducating Engineering Leadership\n\n北京工大学材料与制造学部\n\n材料与制造学部\n\n工大城建\n\n城载梦想、建铸辉煌，展示师生风采、传递校园动态\n\n北京都柏林国际学院\n\n校园信息发布','新生答疑 学校常用公众号','','工大百科(学生整理)',NULL,'enabled','2026-07-14 15:44:34','2026-07-14 15:44:34'),(26,'新生答疑','校园网、VPN、校园卡都是啥？','有许多新生都弄混了这两个概念，特此写一篇百科来解释一下\n\n校园网\n\n校园网也就是咱们常说的内网，一般指的是学校的 wifi（也有网线插口可以用）\n\n开学了在学校里面，直接使用学号和密码登录，不需要办理任何手续\n\n手机和电脑都能连接（通俗一点来说就和你家里面的 wifi 性质差不多）\n\n每个月学校免费送 30G 流量，当然你也可以加钱买更多流量，具体看 \n校园网套餐\n\n校园卡\n\n校园卡一般指的是就是联通卡，电信卡，移动卡这种电话卡\n\n和学校没有关系，不办不影响在校的任何学习和生活\n\n看你自己的个人需求，一般来说就是便宜一点，流量多一点，\n\n外地学生的话，可以考虑办一个，流量多一点也方便\n\nVPN\n\n前面说了校园网必须要在学校里面使用（好比你在外面总不能连家里的 wifi 吧）\n\n但是如果周六日或者假期你不在学校，但是又需要上学校的内网查资料啥的，怎么办？\n\n此时就需要使用 VPN 了，具体怎么操作看 \n校园网VPN指南','新生答疑 校园网、VPN、校园卡都是啥？','','工大百科(学生整理)',NULL,'enabled','2026-07-14 15:44:34','2026-07-14 15:44:34'),(27,'新生答疑','学号各个数字的含义','本科生学号说明\n\n温馨提示：\n\n由于之前学院合并为学部，后来学部又拆分为学院，但是代码却没更新，所以同一个学院可能会有多个代码\n\n比如 02（原电控学院），07（原计算机学院），08（原软件学院）\n\n具体现在什么代码对应什么学院可以看 \n2024级新生课表\n\n相关资料\n\n见证历史！北工大学部又改学院了~','新生答疑 学号各个数字的含义','','工大百科(学生整理)','[{\"url\": \"/kb-images/258e3da2d69a93fb.jpg\", \"desc\": \"学号数字含义图解，以23010328为例拆解各段含义\"}]','enabled','2026-07-14 23:30:42','2026-07-14 15:44:34'),(28,'新生答疑','学院划分及专业方向','本文介绍工大的各个学院，以及每个学部下的专业以及细分方向，方便新生们了解整个学校的教学情况\n\n计算机学院\n\n信息安全（实验班）\n\n数字媒体技术\n\n计算机科学与技术（实验班）\n\n软件工程（实验班）\n\n计算机科学与技术\n\n物联网工程\n\n信息科学技术学院\n\n人工智能\n\n电子信息工程（实验班）\n\n电子科学与技术（实验班）\n\n自动化\n\n通信工程\n\n机器人工程\n\n电子信息工程\n\n测控技术与仪器\n\n外国语学院\n\n英语\n\n材料科学与工程学院\n\n资源循环科学与工程（按材料类（实验班）大类招生）\n\n纳米材料与技术（按材料类（实验班）大类招生）\n\n材料科学与工程（按材料类（实验班）大类招生）\n\n焊接技术与工程（按材料类（实验班）大类招生）\n\n应用化学\n\n新能源材料与器件（按材料类（实验班）大类招生）\n\n机械与能源工程学院\n\n机械工程（按机械类大类招生）\n\n智能制造工程（按机械类大类招生）\n\n能源与动力工程（按照能源动力类大类招生）\n\n新能源科学与工程（新能源和环科双学士学位）\n\n新能源科学与工程（按照能源动力类大类招生）\n\n建筑工程学院\n\n建筑环境与能源应用工程（按土木类大类招生）\n\n给排水科学与工程（按土木类大类招生）\n\n智能建造\n\n土木工程（茅以升班）\n\n土木工程（按土木类大类招生）\n\n建筑与城市规划学院\n\n城乡规划（五年制）\n\n建筑学（五年制）\n\n城市交通学院\n\n交通工程（按交通运输类（实验班）大类招生）\n\n交通设备与控制工程（按交通类（实验班）大类招生）\n\n数学统计学与力学学院\n\n数学与应用数学（按数学类大类招生）\n\n信息与计算科学（按数学类大类招生）\n\n统计学\n\n物理与光电工程学院\n\n应用物理学\n\n光电信息科学与工程\n\n化学与生命科学学院\n\n化学生物学\n\n生物医学工程\n\n生物技术（实验班）\n\n环境科学与工程学院\n\n环境工程（按环境科学与工程类大类招生）\n\n环境科学（按环境科学与工程类大类招生）\n\n经济与管理学院\n\n工商管理\n\n会计学\n\n信息管理与信息系统\n\n经济统计学\n\n国际经济与贸易\n\n金融学\n\n大数据管理与应用\n\n法学\n\n社会学（按社会学类大类招生）\n\n社会工作（按社会学类大类招生）\n\n艺术设计学院\n\n工业设计（普通类）\n\n雕塑（艺术类专业，按美术学类大类招生）\n\n绘画（艺术类专业，按美术学类大类招生）\n\n数字媒体艺术（艺术类专业，按设计学类大类招生）\n\n工艺美术（艺术类专业，按设计学类大类招生）\n\n服装设计（艺术类专业，按设计学类大类招生）\n\n产品设计（艺术类专业，按设计学类大类招生）\n\n环境设计（艺术类专业，按设计学类大类招生）\n\n视觉传达设计（艺术类专业，按设计学类大类招生）\n\n北京一都柏林国际学院\n\n物联网工程（中外合作办学）TheInternet of Things Engineering\n\n软件工程（中外合作办学）Software Engineering\n\n电子信息工程（中外合作办学）Electronic&Information Engineering\n\n金融学（中外合作办学）Financial Economics\n\n樊恭体荣誉学院\n\n碳中和未来技术学院\n\n参考资料\n\nhttps://admissions.bjut.edu.cn/xkzy.htm','新生答疑 学院划分及专业方向','','工大百科(学生整理)',NULL,'enabled','2026-07-14 15:44:34','2026-07-14 15:44:34'),(29,'新生答疑','2024级新生课表','同专业大一课表内容是一样的，排课时间有细微差异，开学了上教务自行查看即可，\n如何查每个专业的课表\n\n本文内容比较长，大家要善用搜索呀，专业名称下面就是对应的课表~\n\n注意：英语和体育课开学后需要大家自己选，所以课表中没有，选课的话看 \n无标题 以及 \n选修课经验分享\n\n顺便附上上课时间表（温馨提醒：这个是全校时间安排表，并不代表每个人都有这么多的课，具体每天上到几点，看个人的选课安排）\n\n计算机学院\n\n信息安全（实验班）\n\n数字媒体技术\n\n计算机科学与技术（实验班）\n\n软件工程（实验班）\n\n计算机科学与技术\n\n物联网工程\n\n信息科学技术学院\n\n人工智能\n\n电子信息工程（实验班）\n\n电子科学与技术（实验班）\n\n自动化\n\n通信工程\n\n机器人工程\n\n电子信息工程\n\n测控技术与仪器\n\n文法学部\n\n法学\n\n社会学（按社会学类大类招生）\n\n社会工作（按社会学类大类招生）\n\n外国语学院\n\n英语\n\n材料科学与工程学院\n\n资源循环科学与工程（按材料类（实验班）大类招生）\n\n纳米材料与技术（按材料类（实验班）大类招生）\n\n材料科学与工程（按材料类（实验班）大类招生）\n\n焊接技术与工程（按材料类（实验班）大类招生）\n\n新能源材料与器件（按材料类（实验班）大类招生）\n\n应用化学\n\n机械与能源工程学院\n\n机械工程（按机械类大类招生）\n\n智能制造工程（按机械类大类招生）\n\n能源与动力工程（按照能源动力类大类招生）\n\n新能源科学与工程（新能源和环科双学士学位）\n\n新能源科学与工程（按照能源动力类大类招生）\n\n建筑工程学院\n\n建筑环境与能源应用工程（按土木类大类招生）\n\n给排水科学与工程（按土木类大类招生）\n\n土木工程（按土木类大类招生）\n\n智能建造\n\n土木工程（茅以升班）\n\n建筑与城市规划学院\n\n城乡规划（五年制）\n\n建筑学（五年制）\n\n城市交通学院\n\n交通工程（按交通运输类（实验班）大类招生）\n\n交通设备与控制工程（按交通运输类（实验班）大类招生）\n\n欢迎加入城市交通学院！🥰\n\n数学统计学与力学学院\n\n数学与应用数学（按数学类大类招生）\n\n信息与计算科学（按数学类大类招生）\n\n统计学\n\n物理与光电工程学院\n\n应用物理学\n\n光电信息科学与工程\n\n化学与生命科学学院\n\n化学生物学\n\n生物医学工程\n\n生物技术（实验班）\n\n环境科学与工程学院\n\n环境工程（按环境科学与工程类大类招生）\n\n环境科学（按环境科学与工程类大类招生）\n\n经济与管理学院\n\n工商管理\n\n会计学\n\n信息管理与信息系统\n\n经济统计学\n\n国际经济与贸易\n\n金融学\n\n大数据管理与应用\n\n艺术设计学院\n\n工业设计（普通类）\n\n雕塑（艺术类专业，按美术学类大类招生）\n\n绘画（艺术类专业，按美术学类大类招生）\n\n数字媒体艺术（艺术类专业，按设计学类大类招生）\n\n工艺美术（艺术类专业，按设计学类大类招生）\n\n服装设计（艺术类专业，按设计学类大类招生） 一开始喵喵弄丢了，对不起🥺\n\n产品设计（艺术类专业，按设计学类大类招生）\n\n环境设计（艺术类专业，按设计学类大类招生）\n\n视觉传达设计（艺术类专业，按设计学类大类招生）\n\n北京一都柏林国际学院\n\n物联网工程（中外合作办学）TheInternet of Things Engineering\n\n软件工程（中外合作办学）Software Engineering\n\n电子信息工程（中外合作办学）Electronic&Information Engineering\n\n金融学（中外合作办学）Financial Economics\n\n樊恭体荣誉学院\n\n碳中和未来技术学院','新生答疑 2024级新生课表','','工大百科(学生整理)','[{\"url\": \"/kb-images/63ab8d3b4750f699.jpg\", \"desc\": \"校本部教学上课时间表，列出上午、下午、晚上各节次的上课时段。\"}, {\"url\": \"/kb-images/42406fe9e4d774c0.jpg\", \"desc\": \"班级“240720”2024-2025学年第1学期课表（含各星期各节次课程、教师、地点、周次）。\"}, {\"url\": \"/kb-images/479bb55cf1652f5c.jpg\", \"desc\": \"2024级新生（班级240811）2024-2025学年第1学期课程表。\"}, {\"url\": \"/kb-images/f25da5469be6771a.jpg\", \"desc\": \"2024级新生（班级240710）2024-2025学年第1学期课程表。\"}]','enabled','2026-07-14 23:56:41','2026-07-14 15:44:34'),(30,'新生答疑','校园防骗手册','开学季是骗子行骗的高峰期，刚上大学的新生更易成为行骗对象，本文介绍常见的几种行骗手法，希望能避免同学们上当受骗！\n\n万一被骗，切记第一时间，一定要联系辅导员、班主任、学校保卫处，确保将损失降到最低！\n\n摄影大赛、最美xx等有偿投票\n\n这种比赛一般是打着“最美xx”的名号，且奖品看起来非常诱人，看似是正常的投票评选行为，其实暗含了有奖打赏，最终导致的后果就是参与者没拿着奖品，反而花了不少钱。\n\n在此也提醒各种社团、学生组织在收到这些所谓的赞助活动时，务必擦亮眼睛，不要被骗！\n\n下图是 2023 年工大某个墙举办摄影活动被骗的真实案例\n\n网络营销、卖课、兼职接单等\n\n大学生表白墙、吃瓜恋爱校园墙、学校技能墙等各种营销号，剪辑、摄影、PS、雅思、托福、四六级等各种卖课的，轻则忽悠你买课，重则骗你贷款。\n\n部分骗子会已兼职接单为诱惑，然后让你贷款等，下图是工大学子的亲身经历\n\n参考资料\n\n防诈骗小课堂 | 揭秘！校园投票骗局\n\nPS接单骗局，先让你学习，分期付款学费 - 小红书','新生答疑 校园防骗手册','','工大百科(学生整理)','[{\"url\": \"/kb-images/29ce46a396dd3130.jpg\", \"desc\": \"校园防骗案例：两张微信小程序抽奖活动截图，展示虚假高额奖品与付费刷赞诱导。\"}, {\"url\": \"/kb-images/d5c65180c6ed14cc.jpg\", \"desc\": \"微信群通知截图：以奖品未落实为由将参赛者移出群聊，暗示赞助商跑路的骗局。\"}, {\"url\": \"/kb-images/06c694781635bf42.jpg\", \"desc\": \"两张微信聊天截图，一名受害者讲述“兼职PS免费教学”实为身份证贷款的诈骗亲身经历。\"}]','enabled','2026-07-14 23:30:42','2026-07-14 15:44:34'),(31,'宿舍介绍','通州宿舍','绝大多数新生大一都会在通州学习一年，本文就介绍通州宿舍的相关情况~\n\n宿舍简介\n\n如下图所示，通州有 4 栋宿舍楼\n\n女生\n\nA B 为女生公寓，均为 4 层\n\n每层的东西两侧均有洗漱间、卫生间、洗衣机\n\n烘干机在 2 层东侧洗漱间，洗鞋机在 2 层东侧洗漱间\n\n男生\n\nC D 为男生公寓，均为 6 层，有阳台和洗手池\n\n东西两侧均有公共卫生间、洗衣机每层 2 个\n\n烘干机和洗鞋机都在 1 层西侧卫生间外\n\n内部环境\n\n正常情况宿舍均为 6 人间，2 张上床下铺，2 张上床下桌桌桌，无独卫，有空调、风扇\n\n备注：以下图片均是女生宿舍，男生宿舍会多一个阳台和洗手池\n\n大家也可以自己看看\n\n供电情况\n\n周一至周四 6:00 开楼门通电，23:00 熄灯断电锁楼门\n\n周五、周六晚上不断电，门禁时间 22:00\n\n5月~10月中旬空调插座24小时供电\n\n宿舍总功率最多不超过 2000W，大功率电器不可在宿舍使用，公寓一层提供公共吹风机\n\n床铺尺寸\n\n床长 2 米，宽 0.9 米，床护栏高 0.22 米，床垫厚度不要超过 6 厘米\n\n参考资料\n\n2021级新生报到指南 | 新生报到，宿舍指南！\n\n【一站式学生社区】2022级学生宿舍搬迁行李打包注意事项','宿舍介绍 通州宿舍','','工大百科(学生整理)','[{\"url\": \"/kb-images/c5a058dd01cc2f8b.jpg\", \"desc\": \"通州校区宿舍区手绘卡通鸟瞰图，标注各宿舍楼与超市位置（照片/插画）。\"}, {\"url\": \"/kb-images/61b12df652e59fa7.jpg\", \"desc\": \"宿舍上床下桌床铺与书桌近景照片，标有床位编号（照片，仅有床位号）。\"}]','enabled','2026-07-14 23:56:41','2026-07-14 15:44:34'),(32,'宿舍介绍','本部宿舍','本文喵喵就带领大家了解一下本部（平乐园校区）的宿舍环境\n\n宿舍分布\n\n本部共 14 栋宿舍楼，按照银杏大道划分，可以分为南北两个区域\n\n南边：5，6，7，8，9，12 号宿舍楼\n\n北边：1，2，3，4，10，11，13，14 号宿舍楼\n\n可以对着 \n校园地图 看一下\n\n基本都是 6 人间，有空调和风扇，某些楼有阳台、独卫，具体看下面细节介绍！\n\n细节介绍\n\n以下就按照同类型的宿舍来分别介绍一下细节：\n\n1，2 号楼\n\n西北角，位置有点偏，距离北区浴室隔了一座食堂+一栋宿舍楼，距离快递站、操场都比较远\n\n不过好在距离一教近，上早课方便，旁边就是北食堂、清真餐厅、天天餐厅\n\n然后 2 号楼去年已经翻新了，1 号楼今年也在翻新，喵喵特意做了两张对比图\n\n3，4 号楼\n\n北门旁，晚上吃夜宵比较方便，22 年的时候，3，4 号楼装修过一次，整体环境比较好，宿舍楼内部有浴室！\n\n4号楼门口随机刷新可爱的喵喵，之前因为猫猫老是翻越栏杆，特意设置了一块警示牌\n\n7，8，9 号楼\n\n临近食堂、图书馆、三教、南操场、南区浴室，距离快递驿站也不远，整体位置比较不错\n\n有阳台，7，8号楼有独卫，而且是马桶🚽 PS：大家要注意卫生呦\n\n10，11 号楼\n\n东北角，落地玻璃阳台，北操场一览无余，视野和风景好，下楼就可以进操场运动！\n\n以下为 10 号楼宿舍内部图片（由于去年刚搬完宿舍，杂物比较多，大家可以忽略，hhh）\n\n13，14 号\n\n东门旁边取外卖方便，整体位置比较偏僻，去艺设、四教等比较近，去一教、三教就比较远了\n\n以下为 13 号楼宿舍内部图片\n\n10人间？\n\n8或10人间是宿舍楼拐角处的哪种房间，特别大（约4个通州宿舍大小），宿舍高度能打羽毛球\n\n只有很少几间，萌新们别一听到10人间就吓退了😂\n\n床铺尺寸\n\n床长 2 米，宽 0.9 米，床护栏高 0.3 米，床垫厚度不要超过 6 厘米\n\n（有同学反馈1号楼床实测 190*85，在此作为参考）\n\n收费标准','宿舍介绍 本部宿舍','','工大百科(学生整理)','[{\"url\": \"/kb-images/2b89276cae3c78c4.jpg\", \"desc\": \"宿舍楼走廊翻新前后对比图（上旧下新）\"}, {\"url\": \"/kb-images/682288aedd378e51.jpg\", \"desc\": \"宿舍楼外立面翻新前后对比图（上旧下新）\"}, {\"url\": \"/kb-images/ecd97777cf32b4b4.jpg\", \"desc\": \"宿舍房间内空置的上下铺铁架床（带光斑滤镜的视频截图）\"}, {\"url\": \"/kb-images/3e424afba0e22537.jpg\", \"desc\": \"楼内新建浴室，白瓷砖墙面装有多个淋浴喷头，地面铺红毯\"}, {\"url\": \"/kb-images/921c9a382cdb2df9.jpg\", \"desc\": \"官方微博截图，配图为学校张贴的猫语禁止喂食警告牌\"}, {\"url\": \"/kb-images/27089270e3a1317a.jpg\", \"desc\": \"足球场照片，近处为球门和足球，远处为教学楼建筑\"}, {\"url\": \"/kb-images/a58def15147523f0.jpg\", \"desc\": \"学生宿舍内景照片，上下铺、蓝色柜子、书桌与生活杂物\"}, {\"url\": \"/kb-images/b9ce66b6a4dcb329.jpg\", \"desc\": \"学生宿舍内景照片，上下铺床架、书桌及生活用品\"}]','enabled','2026-07-14 23:56:41','2026-07-14 15:44:34'),(33,'宿舍介绍','中蓝公寓','地址地图\n\n中蓝公寓百度街景\n\n从学校西门到中蓝公寓，单程步行15分钟左右，还是有点距离的，建议大家骑自行车或电动车更加方便一点\n\n（电动车需要牌照，但是新车已经不发放牌照了😭，所以只能去收学长学姐的二手电动车）\n\n男生公寓：蓝晖园、蓝悦园、蓝静园\n\n女生公寓：蓝雅园、蓝怡园、蓝馨园、蓝芳园\n\n宿舍环境\n\n均有阳台\n\n男生\n\n六人间，两张上下铺，两张上床下桌桌桌\n\n无独卫，每层楼两侧有公共厕所和洗漱池\n\n16层楼，每栋楼都有四部电梯\n\n女生\n\n过去是凭运气分配4人间或6人间，今年扩招估计都是6人间了\n\n6人间有独卫和洗漱台\n\n供电情况\n\n研究生不断电\n\n参考资料\n\n启新篇，迎新颜 | 请收好这份宿舍指南~\n\n开学到宿舍的第一天🌻 - 小红书\n\n中蓝公寓 - 小红书','宿舍介绍 中蓝公寓','','工大百科(学生整理)','[{\"url\": \"/kb-images/c2f155539535471e.jpg\", \"desc\": \"地图截图，标注从北工大西门（起）到中蓝大学生社区（终）的路线\"}, {\"url\": \"/kb-images/4c7295cbe4b12835.jpg\", \"desc\": \"中蓝校区总平面图（园区各楼栋分布及浴室、大门位置）\"}, {\"url\": \"/kb-images/a5a8cf3e3ee967aa.jpg\", \"desc\": \"学生宿舍内景照片，上下铺床、吊扇、空调及阳台门（空置状态）\"}, {\"url\": \"/kb-images/2644587ecae6d102.jpg\", \"desc\": \"学生宿舍上床下桌区域实景照片，金属床架配木色书桌和椅子\"}]','enabled','2026-07-14 23:56:41','2026-07-14 15:44:34'),(34,'组织和社团','组织和社团','本章节介绍工大的学生组织和社团，快快找你中意的加入吧~\n\n学生组织\n\n社团\n\n艺术团','组织和社团','','工大百科(学生整理)',NULL,'enabled','2026-07-14 15:44:34','2026-07-14 15:44:34'),(35,'组织和社团','学生组织','北京工业大学学生会\n\n学校党委领导下的重要学生组织，“服务以同学为本”\n\n组织架构采取“主席团”+“工作部门”模式。有主席团成员共 5 人，共设六个工作部门，分别为：办公室、文化拓展部、权益部、文体部、新媒体中心、联络部。\n\n校团委直属学生机构\n\n学校先进青年的群众组织，是学校党的助手和后备军\n\n由组织部、宣传部、科技实践部、社会实践部、文体部、行政办公室、理论研究室、社团管理部 8 个职能部门组成\n\n工大青年汇\n\nBJUT 社团管理部\n\n北工大学生心理协会\n\n协会成立于1997年，它隶属学生心理发展指导中心，是以“525、521”——“我爱我、我爱你”为宗旨，面向北工大全体学生，开展心理健康活动的校级学生组织。\n\n它一直致力于引导成员们学习心理健康知识并学以致用，自助助人；也致力于在和谐温暖的氛围下，为社员们提供探讨共同爱好的机会。\n\n校心协下设四个部门：学术部、宣传部、活动部、办公室\n\n北京工业大学心理协会招新啦！\n\n本科生科学技术会\n\n为同学们营造良好的科技创造氛国\n\n校科协下设五个部门：办公室、联络部、实践部、传媒中心、学术拓展部\n\n阳光志服务总团\n\n是学校唯一个校级志愿服务组织，总体筹划北京工业大学校内志愿服务活动\n\n下设六个部门：办公室、宣传部、联络部、志愿者部、工作部、专业志愿者部\n\n学生艺术团管理委员会\n\n以服务学生艺术团为宗旨的校级学生组织。为促进校园精神文明建设，加强校园文化建设而建立。\n\n为学生合唱团、学生舞蹈团、学生交响乐团、青棕榈话剧团、学生行进管乐团及学生民乐团的日常训练、演出、比赛等实践活动提供服务及后勤保障\n\n下设四个部门：演出部、IE俱乐部、宣传部、行政部','组织和社团 学生组织','','工大百科(学生整理)',NULL,'enabled','2026-07-14 15:44:34','2026-07-14 15:44:34'),(36,'组织和社团','社团','温馨提示：本文中的社团信息可能存在变化，某些社团可能已注销或停更，请以实际情况为主\n\n2024 百团大战\n\n详细介绍\n\n1.\n北工大Chasers极限飞盘社\n\n2.\n健美操社团\n\n3.\nMBC摩托车俱乐部\n\n1.\n峻野登山社\n\n2.\n寰宇天文协会\n\n3.\nBJUT模型社\n\n4.\n北工大剑术社\n\n1.\n平乐园宽街音乐剧社\n\n2.\nBJUT花滑社\n\n3.\n北工大女子校排球队\n\n4.\n羽毛球协会\n\n5.\nnexus特摄协会\n\n1.\n小动物观赏协会\n\n2.\n健身协会\n\n3.\n北京工业大学行进乐团\n\n4.\nEFl东四环街舞社\n\n5.\n贰肆陆喜剧社\n\n6.\n民谣吉他社\n\n1.\nBJUTANIA不具体音游部（ace电竞社所属）\n\n2.\n东方星月工坊（东方project社）\n\n3.\n北工大定向越野协会\n\n4.\n燕乐京昆社\n\n5.\n北京工业大学交响乐团（BJUTSO）\n\n6.\nPMC音乐爱好者协会\n\n名单及联系方式\n\n2024-2025社团名单\n\n序号\n\n社团名称\n\n公众号\n\n交流群\n\n1\n\n研习社\n\n2\n\n创践力社团\n\n3\n\n蓝鲸环境保护与发展协会\n\n4\n\n融媒体社团\n\n5\n\n3D打印社\n\n6\n\n手语联盟\n\n7\n\n小动物观赏协会\n\n8\n\n武道文化交流社\n\n9\n\n台球社\n\n10\n\n乒乓球协会\n\n11\n\nChasers极限飞盘社\n\n12\n\n定向越野协会\n\n13\n\n电竞社\n\n14\n\n网球协会\n\n15\n\n马术联盟\n\n16\n\n峻野登山社\n\n17\n\n滑雪协会\n\n18\n\n棒球社\n\n19\n\nSweepers冰壶社\n\n20\n\nStreet Legend滑板社\n\n21\n\nOurfeet足球协会\n\n22\n\nFireball腰旗橄榄球社\n\n23\n\nCR骑行社\n\n24\n\n羽毛球协会\n\n25\n\n剑术社\n\n26\n\nMBC摩托车俱乐部\n\n27\n\n跆拳道社\n\n28\n\n砂板乒乓球社\n\n29\n\n雅乐尼音社\n\n30\n\n新疆艺术社\n\n31\n\n推理桌游社\n\n32\n\n民谣吉他社\n\n33\n\n芰川汉服社\n\n34\n\n光源模特社\n\n35\n\nEFL东四环街舞社\n\n36\n\n传笑堂相声社\n\n37\n\n摄影协会\n\n38\n\n赠云国学社\n\n39\n\n咲樱日语社\n\n40\n\nPMC音乐爱好者协会\n\n41\n\nGhostEyes魔术爱好者协会\n\n42\n\n音落城下配音社团\n\n43\n\n100悦读社\n\n44\n\nSH球鞋文化社\n\n45\n\n平乐园宽街音乐剧社\n\n46\n\nNEXUS特摄协会\n\n47\n\n桥牌社\n\n48\n\n排球社\n\n49\n\n心弈棋牌社\n\n50\n\n健身协会\n\n51\n\n八部半电影俱乐部\n\n52\n\n居所诗社\n\n53\n\n燕乐京昆社\n\n54\n\n青漾文创社\n\n55\n\n手球社\n\n56\n\n模型社\n\n57\n\n贰肆陆喜剧社\n\n58\n\n健美操社团\n\n59\n\n辩论社\n\n60\n\n法律学习与援助协会\n\n61\n\n军事爱好者协会\n\n62\n\n人体运动科学协会\n\n63\n\n民用航空航天社\n\n64\n\n寰宇天文协会\n\n65\n\niCAN创新协会\n\n66\n\n英语协会\n\n67\n\n未来会计师协会\n\n68\n\n智人协会\n\n69\n\n零刻软件研发社\n\n70\n\n社会工作协会\n\n71\n\n科研启明星协会\n\n72\n\nP-BotClub青年工程师协会\n\n73\n\n东方星月工坊','组织和社团 社团','','工大百科(学生整理)','[{\"url\": \"/kb-images/ffd12391d73405d5.jpg\", \"desc\": \"2024北京工业大学百团嘉年华社团分布地图海报\"}]','enabled','2026-07-14 23:30:42','2026-07-14 15:44:34'),(37,'组织和社团','艺术团','学生合唱团\n\n学生舞蹈团\n\n学生交响乐团\n\n青棕榈话剧团\n\n学生行进管乐团\n\n学生民乐团','组织和社团 艺术团','','工大百科(学生整理)',NULL,'enabled','2026-07-14 15:44:34','2026-07-14 15:44:34'),(38,'信息服务','信息服务','在工大生活，无论是一卡通、上网、选课等等，都是由信息中心提供服务，在遇到百科中没有记录的问题时，可以自行联系信息中心解决\n\n信息化处、网络与信息技术中心服务指引\n\n校园网如何连接？\n\n学校常用网址\n\n校园网如何切换账号？\n\n如何申请工大邮箱？\n\n如何查每个专业的课表\n\n常用电话\n\n校园网套餐\n\n校园网VPN指南\n\n一卡通常见问题\n\n正版软件下载及使用\n\n12345投诉即办\n\n如何查询空教室？\n\n打印成绩单','信息服务','','工大百科(学生整理)',NULL,'enabled','2026-07-14 15:44:34','2026-07-14 15:44:34'),(39,'信息服务','校园网如何连接？','在学校没网怎么行？本文就带大家了解一下校园网如何连接\n\n统一身份认证\n\nhttps://cas.bjut.edu.cn/\n\n简单点来说就是在学校里面你的 学号+密码 可以用来登录各种系统，比如日新工大 APP，my.bjut.edu.cn 内网一站式平台等等\n\n要上网的前提就是统一身份认证账号正常，如果你没有激活账号，请在浏览器输入 https://uc.bjut.edu.cn/#/register/index 自助激活\n\n如果你刚开学就忘记了密码，请在浏览器输入 https://uc.bjut.edu.cn/#/reset/index 重置密码\n\n好了，搞定了统一身份认证后，咱开始连校园网\n\n校园网有线连接\n\n这个简单，宿舍墙面上找到网线插口，用一根网线直接连接自己的电脑，然后浏览器输入 my.bjut.edu.cn 使用统一账号登录后，在左上角“网关登录”即可\n\n上面的方式只支持 IPv4 认证，不支持 IPv6 认证，不过绝大多数的同学也用不着 IPv6 ，浏览器输入 https://lgn.bjut.edu.cn 可以选择 v4 或者 v6\n\n有线上网就这么简单，如果没有带网线的话，去北食堂或者奥运餐厅的超市问问有没有卖网线的，校内地图看 \n校园地图\n\n校园网无线连接\n\n无线连接的话也不麻烦，无线连接有两种，bjut_wifi 和部分宿舍里面的光猫连接\n\nbjut_wifi\n\n在平乐园校区、通州校区、中蓝校区阅览室可连接学校 bjut_wifi 无线网，正常情况下连接到 wifi 后，浏览器 会自动弹出认证页面，如果没弹出的话，手动输入 https://wlgn.bjut.edu.cn (注意是 wlgn) 试试\n\n如果还无法弹出认证，可以右击wifi-打开网络和internet设置-属性-IP设置-IP分配，设置为自动（DHCP）\n\n学校 bjut_wifi 采用 无感认证，首次登录成功后，账号会和终端绑定，在一定时间内连接 bjut_wifi 后会自动登录，无需每次输入账号密码\n\n宿舍光猫连接\n\n宿舍光猫连接是为了改善宿舍无线网而引入的，通俗点来说就是每个宿舍有一台光猫，就和家里平时的用的路由器差不多\n\n平乐园校区\n\n查看宿舍光猫背面，找到默认的 WLAN 网络名称和密码，然后连接名为 bjut_sushe-2.4G-xxxx 的 wifi 即可（选5G的也可以）\n\n比如你宿舍的光猫如下：\n\n你就找 bjut_sushe-2.4G-H8xY 的 wifi 连接就行，然后后续的流程就和 bjut_wifi 一样了，弹出认证，输入统一账号密码\n\n（有些宿舍光猫没插电、也没插网线，大家自己网上搜一下如何插线）\n\n中蓝校区\n\n搜索 CMCC_BJUT_SUSHE 开头、包含本宿舍房间号的 wifi 连接（建议连接以 5G 结尾的），然后密码贴在宿舍门后\n\n打开浏览器，访问任意有效的网址，正常浏览器会自动弹出认证界面，如果未弹出的话，可以直接手动输入 http://10.21.221.98 打开认证页面\n\n总结一下：\n\n如果使用 bjut_wifi 的话只需要登录一次统一认证的账号即可\n\n如果使用光猫的话，得先使用对于的密码登录光猫，然后再使用统一认证的账号登录校园网\n\n常见问题\n\n校园网如何切换账号？\n\n校园网套餐\n\n学校常用网址','信息服务 校园网如何连接？','','工大百科(学生整理)','[{\"url\": \"/kb-images/89f9a527f4cd531f.jpg\", \"desc\": \"统一身份认证账号注册流程四步截图\"}, {\"url\": \"/kb-images/6602a289ad092290.jpg\", \"desc\": \"内网综合门户个人页面截图，红框标注网关登录按钮\"}, {\"url\": \"/kb-images/9da64d85597bf560.jpg\", \"desc\": \"校园网计费系统登录页面截图\"}, {\"url\": \"/kb-images/6f766506b3244542.jpg\", \"desc\": \"路由器背面WLAN名称和密码标签的照片，关键字段用红线标注\"}]','enabled','2026-07-14 23:56:41','2026-07-14 15:44:34'),(40,'信息服务','学校常用网址','学校官网\n\nhttps://www.bjut.edu.cn/\n\n官方网站，多数内容是对外宣传材料，可能和学生日常学习生活关系不大。\n\n内网网关\n\n上网必备网站，套餐收费情况可以看 \n校园网套餐\n\n有线网关（需要插网线）：https://lgn.bjut.edu.cn/\n\n无线网关（学校无线网名称为“bjut_wifi\" 或 \"CMCC_BJUT_sushe\"）：https  ://wlgn.bjut.edu.cn\n\n信息门户\n\n又称作：内网综合门户、my网\n\n内网访问：https://my.bjut.edu.cn/\n\nWebVPN 访问： https://portal-443.webvpn.bjut.edu.cn/\n\n相比较官方网站侧重对外宣传，信息门户则是实打实的服务大家，校级/院级日常活动和通知，各种重要文件的下载，网上办事大厅等一站式的解决大家的各种需求。\n\n教务管理系统\n\n内网访问：https://jwglxt.bjut.edu.cn\n\n查课表、查成绩、选课、培养计划等等，算是关乎学习最重要的一个系统了\n\n校园邮箱\n\n公网访问：https://mail.bjut.edu.cn/\n\n每位同学都可以申请一个自己专属的校园邮箱，类似于 xxx@emails.bjut.edu.cn\n\n注意：邮箱名称注册后不可修改，建议大家注册前想好自己的名称\n\n使用教育邮箱可以领取许多优惠，比如苹果的教育优惠，jetbrains全家桶开发工具等等\n\n图书馆\n\n公网地址：https://lib.bjut.edu.cn/\n\n图书馆里面有非常丰富的学习资源，大家一定要多多汲取\n\n教务处\n\n内网访问：http://undergrad.bjut.edu.cn/\n\nWebVPN 访问：https://undergrad-443.webvpn.bjut.edu.cn/\n\n培养计划、课程教材等等，一切有关学习的内容差不多都在这里\n\n校园网VPN\n\n如果大家不在学校但是需要访问校内资料，请详细看百科 \n校园网VPN指南\n\n参考资料\n\n北京工业大学校园IT服务使用简介','信息服务 学校常用网址','','工大百科(学生整理)','[{\"url\": \"/kb-images/6eb23bf3356da553.jpg\", \"desc\": \"官方网站首页截图\"}, {\"url\": \"/kb-images/2051b29bcce130f1.jpg\", \"desc\": \"计费系统登录页面截图\"}, {\"url\": \"/kb-images/16a7c25bd5bf9441.jpg\", \"desc\": \"内网综合门户网站首页截图\"}, {\"url\": \"/kb-images/76b9e8b6fe3cace7.jpg\", \"desc\": \"本科教学管理系统（正方教务）登录页面截图\"}, {\"url\": \"/kb-images/15bd39ec6837ae4b.jpg\", \"desc\": \"邮箱账号登录页面截图\"}, {\"url\": \"/kb-images/ae98e77d28a9b3b9.jpg\", \"desc\": \"图书馆网站首页截图\"}, {\"url\": \"/kb-images/fe2522ae083a9ede.jpg\", \"desc\": \"教务处网站首页顶部截图\"}]','enabled','2026-07-14 23:56:41','2026-07-14 15:44:34'),(41,'信息服务','校园网如何切换账号？','同学们月底校园网经常不够用，这时候就不得不得用上自己的兄弟/姐妹的校园网了，但是如何更换校园网账号呢？\n\n一、进入校园网自助服务系统\n\n网址：https://jfself.bjut.edu.cn/\n\n登上已连接的自己的校园网账号\n\n注意⚠️：\n\n问：如何辨别不同的设备？\n\n答：通过查看不同设备的MAC地址，与系统中号码对应，不同的设备有不同的MAC！\n\n下图示意查看MAC手机端和电脑端\n\n二、重新打开WLAN\n\n三、点击校园网连接','信息服务 校园网如何切换账号？','','工大百科(学生整理)','[{\"url\": \"/kb-images/1a59546efb0af912.jpg\", \"desc\": \"用户自助服务系统网页截图，演示如何删除无感知MAC地址（上网设备）\"}, {\"url\": \"/kb-images/051ea5c529abb6a4.jpg\", \"desc\": \"安卓手机WLAN设置界面截图，标注在此查看MAC地址辨别登录设备\"}, {\"url\": \"/kb-images/7190d46ea4cdbc7b.jpg\", \"desc\": \"Windows电脑网络WLAN属性界面截图，标注电脑端MAC地址查看位置\"}, {\"url\": \"/kb-images/e56aa722fdb696bd.jpg\", \"desc\": \"安卓手机WLAN列表界面截图，标注删除后重新打开WLAN会显示需要登录\"}]','enabled','2026-07-14 23:56:41','2026-07-14 15:44:34'),(42,'信息服务','如何申请工大邮箱？','很多喵喵到了大学了，还没有自己的邮箱，邮箱是与老师沟通交流的重要工具之一，本章将教大家申请工大专属邮箱！\n\n一、进入北工大内网综合门户\n\n网址：https://portal.bjut.edu.cn/\n\n二、点击邮箱开户\n\n三、填写个人信息\n\n注意⚠️：邮箱一旦注册，用户名无法修改！\n\n四、收获专属邮箱！','信息服务 如何申请工大邮箱？','','工大百科(学生整理)','[{\"url\": \"/kb-images/f606b8443ec44aaa.jpg\", \"desc\": \"门户首页截图，标注点击“我的邮箱”并点“开户”申请邮箱\"}, {\"url\": \"/kb-images/16d9cda03ae1bb57.jpg\", \"desc\": \"邮箱开户填写表单弹窗截图（以示例信息演示）\"}, {\"url\": \"/kb-images/2b5a3357524077bc.jpg\", \"desc\": \"邮箱开户成功后已绑定邮箱的弹窗截图\"}]','enabled','2026-07-14 23:30:42','2026-07-14 15:44:34'),(43,'信息服务','如何查每个专业的课表','想转专业？想了解其他专业的课表？\n\n喵喵教你如何查询其他专业的课表！\n\n一、登录教务系统\n\n二、选择专业进行筛选\n\n三、点击查询','信息服务 如何查每个专业的课表','','工大百科(学生整理)','[{\"url\": \"/kb-images/646b51b59d87f226.jpg\", \"desc\": \"本科教学管理系统截图，展示在“信息查询”下拉菜单中点击“班级课表查询”的步骤\"}, {\"url\": \"/kb-images/341adc25d552c8f7.jpg\", \"desc\": \"“班级课表查询”页面截图，展示学年、学期、学院、专业、班级等筛选条件（尚未查询）\"}, {\"url\": \"/kb-images/e5f3d2da9b8fd41a.jpg\", \"desc\": \"“班级课表查询”页面截图，以城乡规划专业为例查询出不同班级的课表列表\"}]','enabled','2026-07-14 23:56:41','2026-07-14 15:44:34'),(44,'信息服务','常用电话','这里汇聚了喵喵们在工大可能用到的所有联系电话！\n\n校级服务\n\n校长办公室主任\n\n010-67392035\n\n纪检监察举报电话\n\n010-67392231\n\n招生咨询电话\n\n010-67391609\n\n学校网络服务电话\n\n010-67392037\n\n公费医疗咨询电话\n\n010-67392565\n\n公费医疗财务处\n\n010-67392643\n\n户籍管理办公室\n\n010-67392254\n\n学籍管理办公室\n\n010-67391529\n\n学生会办公室\n\n010-67392854\n\n收发室\n\n010-67391773\n\n教务科\n\n保卫处\n\n24小时值班电话\n\n010-67392110\n\n东门\n\n010-67392039\n\n西门\n\n010-67391828\n\n南门\n\n010-67391838\n\n北门\n\n010-67391825\n\n西区东门\n\n010-67392647\n\n信息服务\n\n24小时网络故障报修\n\n010-67392037\n\n校园一卡通\n\n010-67392429\n\nVPN\n\n010-67392904\n\n邮箱\n\n010-67392426\n\n功能性场所\n\n校医院急诊电话\n\n010-67391546\n\n运动场馆咨询电话\n\n010-67396401\n\n图书馆\n\n010-67391819\n\n礼堂\n\n010-67391468\n\n游泳馆\n\n010-67391462\n\n北区浴室\n\n010-67392378\n\n南区浴室\n\n010-67392580\n\n学生公寓\n\n学生公寓1号楼\n\n010-67392371\n\n学生公寓2号楼\n\n010-67392372\n\n学生公寓3号楼\n\n010-67392542\n\n学生公寓4号楼\n\n010-67392541\n\n学生公寓5号楼\n\n010-67392463\n\n学生公寓6号楼\n\n010-67392464\n\n学生公寓7号楼\n\n010-67392560\n\n学生公寓8号楼\n\n010-67392562\n\n学生公寓9号楼\n\n010-67391467\n\n学生公寓10号楼\n\n010-67396184\n\n学生公寓11号楼\n\n010-67396185\n\n学生公寓12号楼\n\n010-67392775\n\n学生公寓13号楼\n\n010-67391339\n\n学生公寓14号楼\n\n010-67392983\n\n餐厅\n\n奥运一层餐厅、北区餐厅、教工餐厅\n\n010-67396684\n\n奥运二层餐厅\n\n010-67396577\n\n清真餐厅\n\n010-67392594\n\n美食园餐厅\n\n010-67392148\n\n天天餐厅\n\n010-67391784\n\n中蓝餐厅\n\n010-67396822\n\n中蓝公寓\n\n接诉即办\n\n67396737\n\n中蓝校区物业服务办公室\n\n67396442\n\n维修办公室\n\n67396277\n\n中蓝公寓值班室\n\n67396307\n\n安全保卫值班室\n\n67396397\n\n蓝晖园值班室\n\n67396457\n\n蓝静园值班室\n\n67396497\n\n蓝悦园值班室\n\n67396417\n\n蓝怡园值班室\n\n67396807\n\n蓝馨园值班室\n\n67396867\n\n蓝雅园值班室\n\n67396377\n\n蓝芳园值班室\n\n67396857','信息服务 常用电话','','工大百科(学生整理)','[{\"url\": \"/kb-images/9532a86813e4a615.jpg\", \"desc\": \"各学部（院）教务科办公电话与邮箱地址一览表\"}]','enabled','2026-07-14 23:30:42','2026-07-14 15:44:34'),(45,'信息服务','校园网套餐','套餐分类\n\n分类\n\n流量\n\n默认套餐\n\n每月免费 30GB\n\n10元\n\n60GB\n\n20元\n\n120GB\n\n30元\n\n180GB\n\n60元\n\n400GB\n\n注意：买了付费套餐后，不会再叠加免费的30G呦，也就是说10元套餐总共是60GB，而不是90GB\n\n温馨提醒：\n\n当月流量超出套餐后，按照 1元/GB 收费\n\n当月未使用完的流量额度不能累计到下月\n\n变更套餐当月办理，下月生效\n\n套餐变更\n\nhttps://jfself.bjut.edu.cn 需连接校园网，登录计费系统自主办理即可，也可查看校园网流量余量\n\n常见问题\n\n多个设备可以同时连接吗？\n\n最多同时连接 3 个设备\n\n校园网如何切换账号？','信息服务 校园网套餐','','工大百科(学生整理)',NULL,'enabled','2026-07-14 15:44:34','2026-07-14 15:44:34'),(46,'信息服务','校园网VPN指南','在校外访问内网时，需要使用 VPN，VPN 分为网页版和客户端两种，具体适用情况如下\n\n网页版 VPN\n\nhttps://webvpn.bjut.edu.cn/\n\nWebVPN 不需要下载软件，直接在浏览器登录即可，包含了一般同学们需要用到的大部分功能\n\n在登录Webvpn时系统会进行短信验证，更换过手机号的小喵喵可以在统一认证页面点击账号信息进行手机号的修改，此过程需要校园网环境！\n\n客户端 VPN\n\n客户端VPN系统将从2025年1月15日起只对申请开通的师生开放访问。\n\n客户端 VPN 需要下载两个软件 MotionProOTP 和 MotionPro\n\n（非常简单的，请给自己3分钟的时间耐心看下去，保证一遍就搞定）\n\nMotionProOTP\n\n先下载 APP，安卓直接扫码，苹果在 AppStore 搜索 motion pro otp 下载\n\n再按照1 2 3 输入信息后，点击登录如果出现下面右图的页面，代表 MotionProOTP 已经配置正确\n\n（你已经完成 50% 了，请继续看下面章节，不要再动这个软件了，尤其是千万别点右上角的减号）\n\n手机端 MotionPro\n\n安卓扫码下载，苹果到 AppStore 搜索 MotionPro 下载\n\n再点击“+”添加网关，按照下图输入信息，注意 otp 是每60秒刷新一次，确保在有效期内使用\n\n当下图 P3 显示已连接时，直接去浏览器访问 https://jwglxt.bjut.edu.cn 即可\n\n（到此你已经完成 100% 了🎉，应该可以正常访问内网了，如果不可以的话请看文末的常见问题，如果你需要在电脑端也访问内网，也可以接着看下去）\n\n电脑端 MotionPro\n\n访问 https://client.arraynetworks.com.cn:8080/zh/troubleshooting 下载属于自己系统的软件\n\n下载完成后不要在 MotionPro 软件中填写信息，直接按照下列步骤操作：\n\n1.\n在浏览器打开 https://vpn.bjut.edu.cn 输入三个密码登录（下图左1）\n\n2.\n登录成功后点击“启动连接”（下图右上）此时 MotionPro 软件会被自动打开\n\n3.\n看到 MotionPro 软件中为已连接状态（下图右下），则代表 VPN 连接成功\n\n4.\n然后直接在浏览器访问 https://jwglxt.bjut.edu.cn 即可\n\n常见问题\n\n“动态码重复绑定。请向管理员进行资讯。”\n\n首次登录 MotionPro OTP APP 后手机已经与其进行了绑定，需持本人一卡通或身份证到本部信息楼121房间请管理员处理\n\n不小心点击 otp 软件中的“-”，怎么办？\n\n首次登录 MotionPro OTP APP 后手机已经与其进行了绑定，需持本人一卡通或身份证到本部信息楼121房间请管理员处理\n\n换新手机后怎么生成 opt 密码\n\n首次登录 MotionPro OTP APP 后手机已经与其进行了绑定，需持本人一卡通或身份证到本部信息楼121房间请管理员处理\n\nVPN 登录成功后无法上网了，百度都不行\n\n是这样的，用 MotionPro 客户端挂了 VPN 之后，就只能上校园网了，WebVPN 可以同时上内网和百度\n\n安卓手机如何授权安装 MotionPro OTP APP\n\n由于它未在应用商店上架，所以安装时需要设置单次授权，具体方法百度一下即可\n\n连接服务器失败？\n\n可能是 otp 动态密码失效了，建议首先填好统一认证用户名和密码再打开 MotionPro OTP APP 获取动态密码并填写，以防止动态密码过期导致 otp 登录失败。\n\n此外如果手机无法登录，可以换个热点或者使用电脑多尝试几次。\n\n网络错误，请重试！\n\n请确保服务器地址输入正确，vpn.bjut.edu.cn:443，注意是英文的点以及有没有多加空格\n\n教务系统网页加载不出来，点击登录也没什么反应？\n\n可能是网络质量不好，多刷新几次试试应该就行\n\n参考资料\n\n如有其他问题，请咨询学校信息化中心 \n信息服务\n\n新芝麻开门——VPN2.0 is coming\nhttps://mp.weixin.qq.com/s/CE2pGx8LBb7qnbBpl_5kQw\n\n关于启用VPN双因素（动态令牌）登录的通知\n关于启用VPN双因素（动态令牌）登录的通知我校VPN用户：为提升校园网络安全防范能力，北京市教委在市属高校开\nhttps://mp.weixin.qq.com/s/67HHEi_Z99bBxM_ttlCeZA','信息服务 校园网VPN指南','','工大百科(学生整理)','[{\"url\": \"/kb-images/d3fff4729cca84c3.jpg\", \"desc\": \"WebVPN门户业务系统与业务办理入口页面截图\"}, {\"url\": \"/kb-images/dba84c475244aedd.jpg\", \"desc\": \"统一身份认证账号登录界面示意图，标注点击【账号信息】\"}, {\"url\": \"/kb-images/ef3f5377895ca8ec.jpg\", \"desc\": \"MotionPro OTP令牌APP登录配置及一次性密码获取界面示意图\"}, {\"url\": \"/kb-images/25e7d641d0c05b1b.jpg\", \"desc\": \"手机VPN客户端（Array SSL VPN）三个界面截图：网关配置、认证登录、资源列表，标注OTP密码填写位置。\"}, {\"url\": \"/kb-images/42fde0913acb2c7e.jpg\", \"desc\": \"双因素认证VPN使用方法说明文档，含电脑端网页登录、MotionPro客户端连接界面截图。\"}]','enabled','2026-07-14 23:56:41','2026-07-14 15:44:34'),(47,'信息服务','一卡通常见问题','校园一卡通是我校师生的校内“身份证”，日常校园内的生活都需要它，本文介绍一卡通以及常见问题和解决方法\n\n介绍\n\n校园一卡通卡片分为实体卡和虚拟卡（校园码）\n\n实体卡新生入校报到时在学部（院）领取，虚拟卡登录“日新工大”App领取\n\n温馨提醒：校园卡是通用的，都可以进入本部或者通州，并且刷卡消费\n\n常见问题\n\n一卡通丢了怎么补办？\n\n校园一卡通如何补办？\n\n一卡通默认密码是什么？\n\n一卡通初始密码为身份证后六位，期中有X的话试试0或者1\n\n如何修改默认密码？\n\n校内自助设备或“日新工大”App上自助修改密码\n\n一卡通消磁了怎么办？\n\n到一卡通服务大厅 \n信息服务 找工作人员充磁即可\n\n毕业生一卡通里的钱能退吗？\n\n可以，会直接退到绑定的银行卡里面','信息服务 一卡通常见问题','','工大百科(学生整理)','[{\"url\": \"/kb-images/2f3825bfefa3e3c1.jpg\", \"desc\": \"校园一卡通学生卡照片（示例卡，信息为虚构样例）。\"}, {\"url\": \"/kb-images/7283175ece2030b0.jpg\", \"desc\": \"微信/小程序中的北京工业大学电子校园卡界面截图，显示余额及扫一扫、校园码入口。\"}]','enabled','2026-07-14 23:56:41','2026-07-14 15:44:34'),(48,'信息服务','正版软件下载及使用','学校为全校师生提供了正版软件下载及激活服务，办公和科研软件都有，大家要善加利用呀\n\n软件包括Windows操作系统、Office、WPS、Visio、Matlab\n\n内网访问 http://ca.bjut.edu.cn/\n\nWebVPN https://ca.webvpn.bjut.edu.cn/\n\n下载中心\n\n登录后根据网页提示，按需下载使用即可\n\n使用技巧\n\n使用技巧模块也有许多简单明了的教程，大家也可以学习一下\n\n常见问题\n\n在遇到问题时，可以先看看常见问题模块寻找一下解决方法','信息服务 正版软件下载及使用','','工大百科(学生整理)','[{\"url\": \"/kb-images/d4b104be5b9e506e.jpg\", \"desc\": \"软件正版化平台官网首页截图，含正版软件下载入口与联系方式\"}, {\"url\": \"/kb-images/188b252c9747bc1c.jpg\", \"desc\": \"软件正版化平台“使用技巧”页面截图，展示办公软件专区Office视频教程列表\"}, {\"url\": \"/kb-images/c2077e54baec957f.jpg\", \"desc\": \"软件正版化平台“常见问题”页面截图，列出Office激活报错等问题的原因解答\"}]','enabled','2026-07-14 23:56:41','2026-07-14 15:44:34'),(49,'信息服务','12345投诉即办','大家在学校生活学习，难免会遇到各种问题\n\n师生可通过“校园网”或“日新工大APP”访问“北工大12345”接诉即办服务平台\n\n根据具体诉求事项，选择服务业务部门，对业务部门的管理和服务工作提出咨询、求助、建议或表扬\n\n并对部门办理的“响应率”、“解决率”、“满意率”进行评价\n\n服务时间\n\n接诉即办平台：“7x24小时”为师生提供发布诉求、办理查询、反馈评价等服务\n\n接诉即办电话：\n\n67392325（工作时间）\n\n67391765（非工作时间转办）\n\n平台入口\n\n电脑端入口：登录“综合门户”—“常用链接”—“北工大12345” —提诉求“前往”— 点击@选择诉求部门—发布诉求（可上传图片、视频和文件）—确认发布或匿名发布。\n\n移动端入口：登录“日新工大App”—“北工大12345” —提诉求“前往”— 点击@选择诉求部门—发布诉求（可上传图片、视频和文件）—确认发布或匿名发布。\n\n咨询反馈\n\n平台使用问题，请咨询学校信访事务室。\n\n陆老师、彭老师：13488859303，67392325。\n\n参考资料\n\n内网信息门：户关于“北工大12345”接诉即办服务平台试运行的通知”','信息服务 12345投诉即办','','工大百科(学生整理)',NULL,'enabled','2026-07-14 15:44:34','2026-07-14 15:44:34'),(50,'信息服务','如何查询空教室？','想要好的学习环境，但图书馆人太多？宿舍太嘈杂？\n\n想要办小活动，但苦于没场地？\n\n同学，为什么不试试空教室呢😏\n\n现在就让喵喵来教大家如何查询空教室！\n\n首先，打开北工大教学管理系统，https://jwglxt.bjut.edu.cn，登陆账号\n\n然后点击“信息查询”\n\n然后点击“查询空闲教室“\n\n点进去就能查询各种类型的空教室以及它们的位置啦！\n\n宇航员看完默默地点了个👍🏻','信息服务 如何查询空教室？','','工大百科(学生整理)','[{\"url\": \"/kb-images/4a66d6ccdc52ab16.jpg\", \"desc\": \"本科教学管理系统登录页面截图（教务系统登录说明）\"}, {\"url\": \"/kb-images/d4fa4ced1b2bbd8f.jpg\", \"desc\": \"教务系统首页截图，红色标注提示点击“信息查询”菜单\"}, {\"url\": \"/kb-images/232bb09570c0cc63.jpg\", \"desc\": \"教务系统“信息查询”下拉菜单截图，红色标注提示点击“查询空闲教室”\"}, {\"url\": \"/kb-images/508e100bd1750308.jpg\", \"desc\": \"教务系统“查询空闲教室”查询界面截图，红色标注说明可查看各教学楼空教室\"}]','enabled','2026-07-14 23:56:41','2026-07-14 15:44:34'),(51,'信息服务','打印成绩单','校本部学综楼四层东南侧本科生自助打印机\n\n可从学综楼南侧楼梯上楼至四层平台处，无需刷卡入楼\n\nPS：如需取流水号或者成绩单密封信封，可到学生一站式服务大厅咨询窗口工作人员（大厅开放营业时间：教学周第 2 至16周工作日 8:00-11:30、13:30-17:00）或2教209办公室（工作时间）办理。','信息服务 打印成绩单','','工大百科(学生整理)','[{\"url\": \"/kb-images/c35df142f1a2d327.jpg\", \"desc\": \"本科生成绩证明自助打印终端设备现场照片\"}]','enabled','2026-07-14 23:56:41','2026-07-14 15:44:34'),(52,'好好学习','好好学习','书山有路勤为径，学海无涯苦作舟\n\n作为大学生活中最重要的部分，本章节介绍你在北工大所有学业相关的内容\n\n自习室和图书馆\n\n四六级\n\n加权和GPA\n\n转专业\n\n读懂教学计划\n\n补考与重修\n\n辅修和双学位\n\n国际交流项目\n\n奖学金介绍\n\n创新学分介绍\n\n第二课堂\n\n保研\n\n科技竞赛','好好学习','','工大百科(学生整理)',NULL,'enabled','2026-07-14 15:44:34','2026-07-14 15:44:34'),(53,'好好学习','自习室和图书馆','一教\n\n7:00-22:30\n\n三教\n\n7:00-23:00\n\n四教\n\n7:00-22:30\n\n可以在教务网站查询空教室作为自习教室\n\n不清楚怎么查，可在工大百科中找到详细教程：\n\n如何查询空教室？\n\n逸夫图书馆\n\n官网：https://lib.bjut.edu.cn/index.htm\n\n逸夫图书馆内部分布示意图：','好好学习 自习室和图书馆','','工大百科(学生整理)','[{\"url\": \"/kb-images/f7dd7a1b6e263d3a.jpg\", \"desc\": \"第一、第二教学楼外景照片\"}, {\"url\": \"/kb-images/773085c9347a4ff0.jpg\", \"desc\": \"第三教学楼外景照片\"}, {\"url\": \"/kb-images/2417e7056eba07f1.jpg\", \"desc\": \"第四教学楼外景照片\"}, {\"url\": \"/kb-images/b63f4bed3ba928c7.jpg\", \"desc\": \"图书馆（新馆）建筑夜景鸟瞰效果图\"}, {\"url\": \"/kb-images/f75b90297cd58734.jpg\", \"desc\": \"图书馆内部中庭与楼层挑空、阶梯座位实景照片\"}, {\"url\": \"/kb-images/6c5fcf1e3c33a58c.jpg\", \"desc\": \"图书馆各区域开馆时间表\"}, {\"url\": \"/kb-images/06e68e2d7e3cd2ef.jpg\", \"desc\": \"逸夫图书馆B1层平面布局图\"}, {\"url\": \"/kb-images/6908764644e09d80.jpg\", \"desc\": \"逸夫图书馆一层平面布局图\"}, {\"url\": \"/kb-images/8cb35b8635629da5.jpg\", \"desc\": \"逸夫图书馆二层平面布局图（含中文社科分区）\"}, {\"url\": \"/kb-images/0f6fbba3e3029258.jpg\", \"desc\": \"逸夫图书馆三层布局图（藏书分区平面图）\"}]','enabled','2026-07-14 23:56:41','2026-07-14 15:44:34'),(54,'好好学习','四六级','作为一名大学生，在所有“父母开心证”中最适合大一宝宝体质的就是——英语四六级合格证了，下面，我将以第一视角为大家详细介绍其过程和注意事项，即《四六级之终极宝典》。\n\n咱们学校开学会按照英语高考成绩分成 a、b 两个班，a班在大一上学期就可以考四级，b班大一下才能考\n\nPS：22届学长学姐反馈说120分以上在a班（具体多少分暂无参考来源）\n\n报名时间和途径\n\n如果想要报考四六级，可提前跟自己的英语老师沟通要参加四/六级考试的想法，有一些老师自己总结的四六级报考小指南如果班里没人报名的话，老师可能就不讲了。\n\n在考试前一个月，各班级老师会告知学生，并发送报名途径到英语班级群聊中, 大家登录官网进行报名即可，后续准考证、口试时间等都会在报名时标明，注意截图保留即可。\n\n报名时间：3月，9月\n\n考试时间：笔试6月、12月，口试5月、11月\n\n报名官网：http://cet-bm.neea.edu.cn\n\n复习资料和软件\n\n首先，最重要的是要有一颗冲破重重险阻、势必将其拿下的良好心态，如果是英语大神可以直接看下一条，如果跟楼主一样英语水平相当一般或是优中求稳的的童鞋现在 Listen to me!\n\n实体书的话建议买一本四级或六级真题模拟和一本单词书，星火牌或华研牌都行，（楼主个人比较喜欢星火），里面包含历年的真题试卷以及答案详解都非常详细，听力链接也非常方便畅通，市面上关于星火牌主要流传两个版本，即“大题量”和“十合一”前者有更多的专项试题练习，后者则更加偏向内容的讲解和理论扩充，但真题内容相同，练习方向也都相似，区别不是很大，大家可根据个人意愿自行选择。\n\n单词书推荐购买与真题同品牌或者新东方也很不错，当然也可以在手机上自己下载单词软件，但是个人认为实体单词书可随时做笔记，效果较好些。\n\n软件推荐下载一个可可英语（或不背单词）和一个四级/六级作文就ok，（工大内部老师推荐），可可英语建议用来背单词、练习听力和翻译，而其他题型最好在真题模拟书上进行练习，以及建议关注B站博主“我是瑞斯拜”多看多练“ 视频破万遍，下笔如有神。\n\n听力耳机\n\n大学期间考四六级最多也就八次机会，听力耳机可以选择买新的或二手都可以，一般来说质量都差不多\n\n淘宝四五十价位即可（推荐品存和索贝纳），或找学长学姐租用（大四毕业生每年会低价出售很多便宜好用的耳机，通常几块钱）\n\n注意要提前在官网看好听力考试要求的频道（每个大学都不一样），并储存好对应的频道\n\n为了在考试时节省时间，可在考试前一周去本部校区试音（正常情况下会一遍遍的念考试规则）\n\n物品准备\n\n备好三个证：准考证，身份证、学生证\n\n三大文具：黑色水笔、HB-2B涂卡铅笔、橡皮\n\n充满电并调适好频道的耳机（或准备好备用电池）\n\n考试流程\n\n四级考试流程\n\n时间\n\n事项\n\n8:00-9:00\n\n考生入场(迟到考生禁止入场)考试前20分钟试音\n\n9:00-9:10\n\n阅读考场注意事项，发放试卷，贴条形码，填写个人信息\n\n9:10-9:40\n\n作文考试，题目在试题册背面，在答题卡1上作答\n\n9:40-10:05\n\n听力测试\n\n10:05-10:10\n\n考试暂停5分钟，收答题卡1(作文+听力)\n\n10:10-11:20\n\n阅读及翻译，在答题卡2上作答\n\n11:20\n\n收答题卡2和试题册，考试结束\n\n六级考试流程\n\n时间\n\n事项\n\n14:30-15:00\n\n考生入场(迟到考生禁止入场)考试前20分钟试音\n\n15:00-15:10\n\n阅读考场注意事项，发放试卷，贴条形码，填写个人信息\n\n15:10-15:40\n\n作文考试，题目在试题册背面，在答题卡1上作答\n\n15:40-16:10\n\n听力测试\n\n16:10-16:15\n\n考试暂停5分钟，收答题卡1(作文+听力)\n\n16:15-17:25\n\n阅读及翻译，在答题卡2上作答\n\n17:25\n\n收答题卡2和试题册，考试结束\n\nQ&A\n\n如果报名后缺考了，下次还能报吗？\n\n报名后不得缺考，否则将会被限制下一次报名呦\n\n能多次考刷分吗？\n\n不能刷分\n\n多少分算合格？\n\n四六级通过标准均为425分\n\n什么时间去哪儿查成绩？\n\n官网最先出成绩，通常会在考完两个多月后公布，具体时间看官网通知\n\n贡献者\n\n作者：NRH','好好学习 四六级','','工大百科(学生整理)','[{\"url\": \"/kb-images/52c0380ad47dc2a0.jpg\", \"desc\": \"全国大学英语四、六级考试（CET）报名网站首页截图。\"}]','enabled','2026-07-14 23:30:42','2026-07-14 15:44:34'),(55,'好好学习','加权和GPA','加权平均分\n\n上图应该讲的很清楚了，我就不再过多解释~\n\n这张图包含的信息就比较多了，我们来详细解释一下：\n\n首先某学期加权和大学总加权的算法是不一样的，加权的公式是，加权平均分=Σ (注册课程学分 x 注册课程考核成绩) / Σ (注册课程学分)，不一样之处在于“注册课程考核成绩”的取值不同，区别如下：\n\n某学期加权\n\n这种情况比较简单，对于本学期你所选的课程，除过那些不计入加权的课程，其他课程都按照实际成绩来计算加权。\n\n大学总加权\n\n1.\n对于首次就通过了的科目，按实际考试成绩计算。\n\n2.\n对于首次没通过，但是补考通过了的科目，按照60分计算。\n\n3.\n对于首次没通过，补考也没通过，但是重修通过了的科目，按照重修所得分数计算。\n\n4.\n对于重修都没过的科目，取最高分计算。\n\n5.\n专业选修类课程，通识教育选修类课程，如果首次没有通过，可以不用重修，成绩也不计入大学总加权，选择同类型其他课程即可。\n\nGPA\n\nGPA的取值如上图所示，具体怎么取值和加权一致~\n\n参考\n\nhttps://undergrad.bjut.edu.cn/info/1213/2991.htm','好好学习 加权和GPA','','工大百科(学生整理)','[{\"url\": \"/kb-images/ebf7ec8bf810864b.jpg\", \"desc\": \"学籍管理规定第十四条截图，说明学分通过率与加权平均分的计算方法（关键部分绿色高亮）。\"}, {\"url\": \"/kb-images/73aa6bfeb392f5e6.jpg\", \"desc\": \"学籍管理规定关于补考、重修及成绩记载的条款截图（第二至第七项，多处绿色高亮）。\"}, {\"url\": \"/kb-images/ee605ba309b102d1.jpg\", \"desc\": \"本校GPA绩点分数段划分表及GPA计算公式。\"}]','enabled','2026-07-14 23:30:42','2026-07-14 15:44:34'),(56,'好好学习','转专业','免责声明：本文内容仅做参考，具体政策可能会有变化，请以学校官方文件为准！\n\n前言\n\n转专业是一次非常宝贵的机会，对于高考时未选择到理想的专业或者对现有专业有新的看法的同学，一定要把握住这次机会。\n\n本文结合校园喵论坛上大家的疑问，总结出以下高频问题，持续更新中...\n\n常见问题\n\n转专业开始时间\n\n北工大有两次转专业的机会，分别是大一、大二下学期\n\n往年一般在3月底4月初会有相关通知和说明会，请及时关注【BJUT教务处】公众号\n\nBJUT教务处\n\n大一转和大二转的区别\n\n大一下转专业的，大二的时候直接跟着新专业上课，然后补修之前缺少的课程\n\n大二下转专业的，需要编入新专业大一学习（也就是说你得降级到新专业大一）\n\n注意：转入四年制专业的学生在校学习时间不得超过六年，转入五年制专业的学生在校学习时间不得超过七年\n\n有什么具体要求？\n\n不同学院、专业要求不一样，且每年要求都会有略微的变化，常见的要求如下：\n\n无任何违规、违纪、处分\n\n学分通过率为100%\n\n加权平均分必须≥80分\n\n需要通过专业面试\n\n下图是 2024 年发布的转入信息学部计算机大类的要求，其他专业的要求请在内网 my.bjut.edu.cn 搜索”转专业“自行下载，不方便下载的同学也可以微信（bjutmiao）私聊喵喵获取\n\n需要做什么准备？\n\n学好高等数学、线性代数、大学物理等公共基础必修课，分越高约好\n\n尽早关注往年要求，查看是否有特殊的要求，提前学习准备\n\n建议提前学习新专业大一的课程知识，避免刚转过去的时候跟不上节奏\n\n学分转化和课程补修怎么算？\n\n与转入专业教学计划不相符的课程均需补修\n\n比如从材料转到软件工程，就需要补修 C 语言程序设计基础\n\n性质完全相同的课程不用补修\n\n比如高等数学（工），大学物理等\n\n性质完全不同的课程转为通识学分\n\n比如机械的工程图学转到计算机就成通识类学分了，这样有个好处是后续选课一般不再需要选通识类课程了\n\n可以换宿舍吗？\n\n可以换也可以不换，看个人需求。如果为了更好的融入新环境，可以考虑换宿舍，如果当前宿舍氛围特别好，可以不换。\n\n转完之后奖学金评选？\n\n大二的奖学金评选还看原来专业，大二之后就和原专业没关系了。\n\n拟录取是不是一定稳了？\n\n拟录取不代表稳了，还是要好好学习第二学期的课程，如果学分不够或者挂科，会被退回原专业的。\n\n比如有同学大一下学期大学物理挂科了，便被退回了原专业\n\n参考资料\n\n@BJUTers看过来！一图带你读懂转专业！\n\n推荐阅读\n\n更多学长学姐的经验分享请看 \n转专业经验分享','好好学习 转专业','','工大百科(学生整理)','[{\"url\": \"/kb-images/12f7a274abdf5721.jpg\", \"desc\": \"信息学部转专业接收条件表（计算机科学与技术、信息安全、物联网工程专业）。\"}]','enabled','2026-07-14 23:30:42','2026-07-14 15:44:34'),(57,'好好学习','读懂教学计划','免责声明：本文内容仅做参考，具体政策可能会有变化，请以学校官方文件为准！\n\n刚上大学的萌新们肯定会有以下的疑问：\n\n英语课需要上几个学期？\n\n选修课要选够多少分？\n\n不同类型的课都需要选多少？\n\n我都可以选一些什么课？\n\n多少学分才能够毕业？\n\n上述这些问题的答案都隐藏在教学计划中，本文就教你怎么看懂教学计划！看完保准你对选课、学分这种事情了如执掌！\n\n教学计划是啥❓︎\n\n简单一点来说就像是一份计划表，规定了你在大学里面要学习的课程，具体什么时间学习，要修多少学分，考核方式等等，算是大学学习的指南针，也是满足毕业条件的最低要求！\n\n下图是一张计算机科学与技术专业的教学计划，不同专业内容不一样，但表格格式是一致的。\n\n看懂教学计划✅\n\n先来看表头，课程编码、课程名称、开课单位这种没什么要解释的。\n\n一般咱们关注的有课程归属、学分、各学期计划学分，都备注在下图了。\n\n举个例子：《大学物理Ⅰ-2》这门课安排在大二上学期\n\n第一张表的最下面就是咱们上学期间要修够的总学分，大家一定按照教学计划的要求，按学期完成教学计划规定的学分，参加境外交流项目和推免研究生等都需要审核完成教学计划规定的学分\n\n选修应该修多少？✌️\n\n实践环节选修课、专业选修课、校选专业课、外语选修课、工科选修、美育课程、四史、通识教育任意选修课合计刚好 37.5分\n\n个人修读情况😛\n\n如果要计算自己的修读情况，可以在教务管理系统【信息查询】->【学生学业情况查询】\n\n会图形化的展示自己目前学分修读情况，不用对着教学计划 pdf 来手动计算了！\n\n获取途径 ⬇️\n\n教务处网站自行下载所在专业的 pdf 文件就可以，不方便的同学也可以微信（bjutmiao）联系喵喵获取\n\n2022版本科指导性教学计划（适用于2022-2024级）：https://undergrad.bjut.edu.cn/zyjs/jxjh/jxjh.htm\n\n推荐阅读👍\n\n读懂了教学计划，接下来就可以看看 \n无标题','好好学习 读懂教学计划','','工大百科(学生整理)','[{\"url\": \"/kb-images/bf61b3a3aa3489ef.jpg\", \"desc\": \"计算机科学与技术专业2022版本科指导性教学计划进程表一（完整课程学分学时表）。\"}, {\"url\": \"/kb-images/89e3a1696136dbf0.jpg\", \"desc\": \"计算机科学与技术专业2022版教学计划进程表（同107）的红色批注讲解版，讲解如何读表。\"}, {\"url\": \"/kb-images/0d139e2924594c6d.jpg\", \"desc\": \"教学计划课程表片段，列出各课程编码、名称、学分、学时分配及各学期计划学分\"}, {\"url\": \"/kb-images/8a687e704abef931.jpg\", \"desc\": \"培养方案学分结构汇总表，按专业教育/通识教育分类列出各类课程学分、学时及各学期分布，并含理论、实践、总计合计行\"}, {\"url\": \"/kb-images/9b3ed1c68012b4e7.jpg\", \"desc\": \"学分结构汇总表的放大片段，突出显示专业教育与通识教育各类课程的学分数\"}, {\"url\": \"/kb-images/7140982649ec7f3d.jpg\", \"desc\": \"本科教学管理系统截图，左侧“信息查询”菜单展开并高亮“学生学业情况查询”，右侧显示某学生课程修读情况树状统计\"}]','enabled','2026-07-14 23:56:41','2026-07-14 15:44:34'),(58,'好好学习','补考与重修','免责声明：本文内容仅做参考，具体政策可能会有变化，请以学校官方文件为准！\n\n第二十条 补考、重修\n\n（一）学校原则上在每学期初安排上学期必修类课程（实践类课程除外）和专业选修类课程的补考，不安排通识教育选修类课程的补考。\n\n（二）必修类课程（实践类课程除外）和专业选修类课程考核不合格者，可直接选择重修，也可参加学校在下学期开学初组织的补考，补考只有一次机会，必修类课程（实践类课程除外）补考不合格必须重修，专业选修类课程补考不合格可选择重修或改选其他同类课程。\n\n（三）实践类课程考核不合格者必须重修。\n\n（四）通识教育选修类课程考核不合格者可选择重修或改选其他同类课程。\n\n（五）学生有下列情形之一，不得参加相应课程的补考：被取消考核资格的；考核旷考的；考核违纪或作弊的；重修课程考核不合格的。\n\n（六）补考成绩不合格按补考实际成绩记载，60 分及 60 分以上成绩按 60 分记载，并在成绩单中注明“补考”，计入课程学习学期的学分通过率和加权平均分计算。\n\n（七）重修成绩按实际成绩记载，并在成绩单中注明“重修”，计入课程重修学期的学分通过率和加权平均分计算。\n\n参考资料\n\n《2023学生手册》','好好学习 补考与重修','','工大百科(学生整理)',NULL,'enabled','2026-07-14 15:44:34','2026-07-14 15:44:34'),(59,'好好学习','辅修和双学位','免责声明：本文内容仅做参考，具体政策可能会有变化，请以学校官方文件为准！\n\n如果你对其他专业的课程感兴趣，可以选择转专业，但是转专业需要择优录取，相对来说门槛比较高，此时辅修就是一个非常不错的选择✌，本文就全方位介绍一下学校的辅修政策。\n\n本文所提到的所有文件请在文末参考资料中登录内网自行下载\n\n基本介绍\n\n先看下官方的介绍：\n\n一、辅修介绍辅修专业是指在修读主修专业的同时，跨专业类修读学校提供的可以辅修的另一专业。学生可以根据个人规划选择辅修结业或者辅修学位：\n（一）辅修结业辅修结业教学计划在3-4个学期内完成。修满辅修结业教学计划规定的学分，成绩合格，可以在取得主修专业毕业证书后取得辅修结业证书。\n（二）辅修学士学位辅修学士学位教学计划在4-5个学期内完成。修满辅修学士学位教学计划规定的学分，成绩合格，符合学士学位授予规定者，学校在其主修学士学位证书中注明辅修学士学位。（即：主修学士学位证书和辅修学士学位证书两证合一）\n\n特别提醒：主修专业不能正常毕业的，不颁发辅修结业证书/不授予辅修学士学位\n\n报名条件\n\n大二大三年级本科生满足以下条件\n\n1.\n未受过任何纪律处分，品德端正，遵纪守法\n\n2.\n主修专业已修课程全部合格，学习成绩较好并学有余力\n\n3.\n符合辅修专业开设学部提出的其他条件\n\n下图是2021级全校辅修专业报名特殊要求的部分截图，可以看到某些专业需要通过专业面试\n\n如何报名❓\n\n大约会在十月底教务处会发报名辅修通知，到时候大家关注一下\n\n报名系统：教务管理系统 https://jwglxt.bjut.edu.cn/\n\n如何上课以及选课\n\n单开班辅修专业第一学期课程由学校置入课表，后续学期学生根据辅修结业或者辅修学位教学计划要求自行在网上选课报名跟班辅修专业学习的学生请在选课规定时间内到辅修专业开设学部（院），在学业导师的指导下对照教学计划手工选课。\n\n单开班要求20人以上，不足20人则需要跟班辅修（需要注意辅修课程不得与主修专业课程时间冲突）\n\n具体选什么课程，可以在教务处查询\n\n辅修结业计划：https://undergrad.bjut.edu.cn/zyjs/jxjh/fxjyjh.htm\n\n辅修学士学位计划：https://undergrad.bjut.edu.cn/zyjs/jxjh/fxxsxwjh.htm\n\n收费标准\n\n课程收费标准为每学分105元，具体缴费时间到时候等通知\n\n成绩记载\n\n列入学生个人辅修学习成绩单\n\n不计入主修专业学分通过率和加权平均分计算\n\nQ&A\n\n辅修结业和辅修学士学位的区别是啥？\n\n后者需要花费更多的时间和精力，然后在主修学士学位证书上会有辅修学士学位的备注，整体相对含金量高一点\n\n跨专业类修读是什么意思？\n\n如上图所示，机械工程和智能制造工程都属于机械类，不构成跨专业类，没法辅修，不过你可以辅修测控技术与仪器，或者自动化等等，只要所属专业类不一样，就可辅修\n\n辅修没修满教学计划中规定的学分怎么办？\n\n可申请充抵主修专业的通识教育选修课或者专业任选课学分\n\n报名辅修后中途能退出吗？\n\n可以的，在新的一年辅修发通知的时候会提到，到时候注意时间，向辅修专业开设的学部进行申请，批准后，变动时间从下学期开始\n\n参考资料\n\nhttps://portal-443.webvpn.bjut.edu.cn/page/site/commonInfo/noticeDetail/84562\n\n北京工业大学本科学生修读辅修专业政策解读','好好学习 辅修和双学位','','工大百科(学生整理)','[{\"url\": \"/kb-images/e23b81b0e67dbde0.jpg\", \"desc\": \"两张学位/辅修证书样张对比图，左为辅修学士学位（在主修学士学位证书中予以注明），右为辅修结业证书\"}, {\"url\": \"/kb-images/ff215684870fcf85.jpg\", \"desc\": \"2021级全校辅修专业报名特殊要求表，列出各学院开设专业、开设形式、报名特殊要求及测试时间地点\"}, {\"url\": \"/kb-images/2c9ebb51fbea7e13.jpg\", \"desc\": \"本科教学管理系统登录页面截图，含用户登录框及账号密码说明\"}, {\"url\": \"/kb-images/fa8748a546bf01b2.jpg\", \"desc\": \"教务处网站截图，导航到“专业建设-教学计划”，页面显示辅修结业计划列表及左侧栏辅修相关计划入口\"}, {\"url\": \"/kb-images/af5fec7e9349fd7b.jpg\", \"desc\": \"2021级全校专业所属专业类、授予学位情况一览表，按学部列出专业名称、所属专业类及授予学位\"}]','enabled','2026-07-14 23:56:41','2026-07-14 15:44:34'),(60,'好好学习','国际交流项目','免责声明：本文内容仅做参考，具体政策可能会有变化，请以学校官方文件为准！\n\n基本介绍\n\n学校为大家提供了多元的、优质的国际交流项目，让同学们可以享受到国外优质教育资源，拓展国际视野。\n\n交流项目分为长期交流和短期交流，主要的区别如下图所示：\n\n参加境外长短期交流项目的同学，都有机会获得学校的高额境外交流奖学金资助 !\n\n项目介绍\n\n官网上有简单的介绍\n\n交流院校：https://international.bjut.edu.cn/jlhz/jlyxyl.htm\n\n交流项目：https://international.bjut.edu.cn/jlhz/jlxm.htm\n\n内网综合门户发的通知有比较详细的介绍，以2023年为例：\n\n短期交流：\n\n长期交流：\n\n大家可以访问内网自行下载附件查看：\n\nhttps://portal-443.webvpn.bjut.edu.cn/page/site/commonInfo/noticeDetail/87192\n\nhttps://portal-443.webvpn.bjut.edu.cn/page/site/commonInfo/noticeDetail/86288\n\n特别提醒：在选择项目时，要关注境内外专业名称差异及授课语言，选择相同或相近专业。更多专业及课程信息以境外学校官网为准\n\n申报时间\n\n关注文末的官方信息源即可，每年都会发最新的通知\n\n长期项目\n\n每年8月末左右开放申请来年春季学期，每年12月末及2月末左右开放申请来年秋季学期\n\n申请条件\n\n每年的条件要求可能会变化，请以学校最新的通知为准，以下为往年的条件要求\n\n每个学校的申请条件也不太一样，具体条件大家访问内网下载附件查看目标学校\n\n短期交流\n\n1.北京工业大学全日制在读本科生或研究生（18周岁以上）；\n2.在校期间无考试作弊或其他违纪行为；\n3.外语水平应达到项目所需要的要求，能利用外语进行顺畅的交流和学习；\n4.身心健康，能适应境外学习、生活的环境，具有较好的自主能力。\n\n比如英国牛津暑假访学项目需要英语成绩\n\n长期交流\n\n1.大三、大四在校（建筑学、城乡规划专业为大四和大五）本科生及研究生\n2.以《北京工业大学在校生长期境外交流项目手册（2023年秋季版）》中各项目申请条件为准\n3.若报名时暂未取得相关外语水平证书或水平未达标，可先行申报，按“有条件推荐”处理。学生需在派出前达到项目所需外语水平要求，否则不予派出。\n\n比如美国南加州大学就需要 GPA、平均分、托福、雅思等相关的考核\n\n申请流程\n\n可以直接看官网的流程图，长期和短期部分节点不同，整体流程差不多\n\n长期项目：https://international.bjut.edu.cn/hwyx/zxscg/zxscgxm_zq_.htm\n\n短期项目：https://international.bjut.edu.cn/hwyx/zxscg/zxscgxm_dq_.htm\n\n如何报名\n\n内网综合门户，网上办事大厅申请即可（日新工大APP也可以）\n\nQ&A\n\n是否有必要参加国际交流项目？\n\n这个主要看个人的情况和选择，对于有出国留学想法的同学来说，可以先参加国际交流项目，提前熟悉一下国外的环境和生活，有助于毕业后出国留学\n\n长期交流项目 Q&A\n\n从校内初选、材料准备、手续办理、返校环节相关的问题都可以下载手册查看\n\nhttps://bgdwzq120-443.webvpn.bjut.edu.cn//__local/5/CD/00/366A17E5C3471707F054D967748_CE9A5B5C_239387.pdf\n\n官方信息源\n\n公众号：北京工业大学国际交流合作处\n\n官网：https://international.bjut.edu.cn/index.htm\n\n参考资料\n\n《2023级新生入学须知》\n\n推荐阅读\n\n关于剑桥暑期短期交流活动的那些事儿！（非官方！）\n\\x26amp;nbsp; \\x26amp;nbsp; \\x26amp;nbsp; \\x26amp;nbsp;距离我参加这项目过后也差不多有小一年的时间了，其实凭心\nhttps://mp.weixin.qq.com/s/-kQQP4pxONDaP4oBJwmmxQ','好好学习 国际交流项目','','工大百科(学生整理)','[{\"url\": \"/kb-images/6648bd141d7ac410.jpg\", \"desc\": \"境外交流项目分类说明表，比较长期交流项目与短期交流项目的项目情况和资助政策条件\"}, {\"url\": \"/kb-images/abf57098a52c4709.jpg\", \"desc\": \"2023年暑期境外线下研学项目一览表，列出各项目编号、名称、时间、课程方向及内容概要\"}, {\"url\": \"/kb-images/7fff07bdbc09412a.jpg\", \"desc\": \"2023年秋季学期学生境外交流项目一览表（第二批），列出各合作院校的国家、交流形式、免费/自费名额及可接收专业\"}, {\"url\": \"/kb-images/4b670d6c61d4a34c.jpg\", \"desc\": \"2023牛津展望暑期访学项目介绍页（项目简介与报名信息）\"}, {\"url\": \"/kb-images/d9d6392d979ed77e.jpg\", \"desc\": \"长期境外交流项目手册中美国南加州大学（USC）本硕衔接项目介绍页\"}]','enabled','2026-07-14 23:56:41','2026-07-14 15:44:34'),(61,'好好学习','奖学金介绍','免责声明：本文内容仅做参考，具体政策可能会有变化，请以学校官方文件为准！\n\n本文介绍获取奖学金的硬性可量化条件（比如加权），类似品行端正、举止文明等基本要求不再赘述\n\n本科生奖学金\n\n种类与等级\n\n本科生奖学金分单项奖和综合奖两大类\n\n单项奖奖励在某个方面表现突出的学生，设学习优秀奖、优秀学生干部、励志奖、创新创业奖\n\n综合奖奖励各方面表现突出、全面发展的学生，设三好学生、优秀毕业生\n\n参评资格\n\n评选学年中有违纪行为受到违纪处分者\n\n评选学年所学课程考试有一门以上不及格者\n\n本人未提出申请者\n\n评选标准\n\n学习优秀奖\n\n根据同一学年两学期期末考试课程的第一次成绩，按照加权平均分的排名择优评选。\n\n各学院（部）结合本院（部）情况制定细化的评定标准。\n\n优秀学生干部\n\n申请者需具备下列条件\n\n（一）担任学校、学院（部）、班级、党团支部主要学生干部满一年，能较好地处理学习与工作的关系，在学校布置的各项工作中能够发挥骨干带头作用，有较强的组织能力，工作认真负责、团结同学，热心为广大同学服务，积极开展各项有益活动，成绩显著；\n\n（二）体测成绩达到《国家学生体质健康标准》70 分以上（按照规定暂缓或是免予体测者除外）。\n\n励志奖\n\n本奖项针对参评学年在册本科特困生评选。申请者需具备下列条件：\n\n（一）学习成绩排名在本专业前 50%，或者取得一定的学术科研成果；\n\n（二）勇于克服生活中的重重困难，以顽强的作风坚持学习、工作，积极参加各项社会活动，或者在某方面做出突出成绩；\n\n（三）本奖项与学习优秀奖不重复；\n\n（四）本科在读期间，获奖次数不超过两次。\n\n创新创业奖\n\n申请者需具备下列条件之一：\n\n（一）参加《北京工业大学认定的本科生科技竞赛项目名单》中省部级以上各项科技竞赛、创新创业大赛中，获得三等奖以上奖励的，且署名前三者；\n\n（二）以第一作者（北京工业大学为第一署名单位）在国内外核心期刊上正式发表学术论文；\n\n（三）以第一发明人或设计人（北京工业大学为第一专利权人）申请专利项目，并经国家专利局授予专利权（或有我校科学技术发展院出具的通过国家专利局初审的证明）；\n\n（四）以第一发明人或设计人（北京工业大学为第一著作权人）申请计算机软件著作权，并经国家版权局正式登记并授予证书；\n\n（五）作为团队负责人，所负责的创业团队获得北京地区高校大学生优秀创业团队三等奖及以上。\n\n上述（二）、（三）、（四）项中指导教师为第一作者（或发明人、设计人）、学生为第二作者（或发明人、设计人）的，视同学生为该项成果的第一作者（或发明人、设计人）。申请者必须同时提交相关的证明材料。\n\n三好学生\n\n获奖者需具备下列条件：\n\n（一）智育方面获得校级学习优秀奖；\n\n（二）积极参与或组织学校、学院（部）的各项活动或其它社会工作，甘于奉献，表现突出，成绩显著，在广大同学当中起着较强的表率作用；\n\n（三）体测成绩达到《国家学生体质健康标准》70 分以上（按照规定暂缓或是免予体测者除外），积极参加文艺和体育活动，有良好的卫生习惯和健康的身心素质，热爱生活，乐观向上；\n\n（四）满足以上四项条件，同时获得校级优秀学生干部、科技创新奖两项奖中的任意一项。\n\n优秀毕业生\n\n本奖项针对所有应届毕业的全日制本科生。申请者需具备以下条件：\n\n（一）曾荣获本科生奖学金或其他奖项；\n\n（二）在学期间未受任何违纪处分；\n\n（三）积极参加校、院（部）组织的活动或有突出贡献。\n\n本科生国家奖学金、国家励志奖\n\n本科生国家奖学金（以下简称国家奖学金）用于奖励特别优秀的学生。本科生国家励志奖学金（以下简称国家励志奖学金）用于奖励资助品学兼优的家庭经济困难学生。\n\n国家奖学金的奖励标准是每生每年 8000 元；国家励志奖学金的奖励标准为每生每年 5000 元。\n\n申请条件\n\n五、申请人为纳入全国招生计划内的全日制本科二年级以上（含二年级）在校学生，原则上从入学第六年开始不再具备国家奖学金申请资格；\n\n六、有以下情况之一的学生不能参加当年国家奖学金和国家励志奖学金的评选：\n\n（一）评选学年中有违纪行为受到校级（含校级）以上违纪处分；\n\n（二）评选学年度所学课程考试（成绩单上计算加权课程）有一门（含一门）以上不及格；\n\n（三）本人未提出申请。\n\n评选标准\n\n一、申请国家奖学金学生在校期间学习成绩优异，原则上学习成绩排名与综合考评成绩排名均位于专业前 10%（含 10%），社会实践、创新能力、综合素质等方面特别突出，且在校期间获评为北京工业大学三好学生。同一学年内，申请并获得国家奖学金的家庭经济困难学生可以同时申请并获得国家助学金，但不能同时申请国家励志奖学金。\n\n二、申请国家励志奖学金学生须为学校在册家庭经济困难学生，在校期间学习成绩优秀，生活俭朴，在社会实践、创新能力、综合素质等方面取得突出成绩。当年获得北京工业大学校级奖学金的学生优先评选。同一学年内，申请国家励志奖学金的学生可以同时申请并获得国家助学金，但不能同时申请国家奖学金。\n\n校长奖学金\n\n校长奖学金每学年秋季学期评定一次，设个人类校长奖学金和项目类校长奖学金，其中个人类校长奖学金分为校长特别奖和校长奖学金两类。\n\n评选范围为我校二年级及以上的全日制在校本科生和研究生。\n\n校长奖学金每年评选名额不超过 10 个。\n\n评选标准\n\n申请个人类校长奖学金者应具备下列条件之一：\n\n1.为学校赢得社会赞誉、树立良好形象，在校园精神文明建设或社会公益事业中做出突出贡献；\n\n2.在当年奖学金评定中被评选为科技之星，在相关理论研究或科技创新实践中获得重要突破或取得重要成果；\n\n3.学习成绩优异，加权平均分在本专业排名第一，在学业中有突出事迹；\n\n4.代表学校参加国际或国家级各类重要比赛，取得突出成绩；\n\n5.关心学校的改革和发展，对学校的改革和发展提出有影响的、可操作的建议和方案，被学校有关部门吸收并采用，为学校发展建设做出突出贡献。','好好学习 奖学金介绍','','工大百科(学生整理)',NULL,'enabled','2026-07-14 15:44:34','2026-07-14 15:44:34'),(62,'好好学习','创新学分介绍','1.创新学分是啥？\n\n《北京工业大学本科生创新学分实施办法》：“获得创新学分是本科生获得毕业资格的毕业条件。”\n\n翻译：没有修满创新学分就毕不了业。\n\n2.我要修多少创新学分？\n\n理工类专业不少于4学分，其他专业不少于2学分。\n\n修学分的具体情况可以登陆教务系统网站查看\n\n3.创新学分怎么得？\n\n（以下内容包括了创新学分获得渠道、学分值、要求、和认定依据）\n\n1.参加科技竞赛：\n\n参加国际级、国家级、省部级、校级科技竞赛。\n\n（科技竞赛认定：范围以2011年颁布的《北京工业大学本科生科技竞赛项目认定名单》为准，可在信息门户网站查看）\n\n🤓获省部级以上（含）竞赛奖（三等奖以上）4分\n\n😎完整参加省部级以上（含）比赛未获奖3分\n\n😏获校级竞赛奖（三等奖以上）3分\n\n😉完整参加校级竞赛（科技实践类）未获奖2分\n\nps：在一次赛事中获得多个奖项，按最高奖认定学分。\n\n2.科研探索\n\n🥸承担“国家大学生创新性实验计划项目”、学校“星火项目”等同类项目，并按计划结题\n\n重点项目1-3名，4学分\n\n面上项目1-3名，3学分\n\n从第四名起等差递减1学分\n\n（认定要求：学生需提供学校相关主管部门为项目组成员出具的结题证明的复印件）\n\n🤩参与教师的科研项目，完成所承担的任务，要有总结报告（不少于5000字）3学分\n\n🤠参与企事业研发项目，或省部级（含）以上的科研项目，完成所承担的任务（有单位证明，总结报告不少于5000字）3学分\n\n3.发表论文\n\n😼被SCI、SSCI、EI、ISTP收录的论文（1-3名）4学分\n\n😼中文核心期刊（1-3名）3学分\n\n😼正式出版物（1-3名）2学分\n\n😼非正式出版物（1-3名）1学分\n\nps：第一署名单位为北京工业大学，从第四名起等差递减1学分\n\n（认定：“中文核心期刊”指《中国科技期刊印证报道》和《中文核心期刊要目总览》；“正式出版物”需有出版号；论文的录用通知可作为认定依据）\n\n4.申请专利或软件著作权\n\n👾国家发明专利（1-3名）4学分\n\n👾实用新型专利（1-3名）3学分\n\n👾外观设计专利（1-3名）2学分\n\n👾软件著作权（1-3名）2学分\n\nps：第一专利权人/著作权人为北京工业大学，从第四名起等差递减1学分\n\n认定：可在获得专利申请号后申请认定；获得授权证书后申请认定；需提供授权证书复印件，或提供专利申请号证明材料复印件\n\n5.科研获奖\n\n😮获省部级以上（含）科研奖 4学分\n\nps：学生本人要有获奖证明\n\n（认定：学生需提供省部级以上（含）科技进步、技术发明、自然科学奖或相当水平科研奖的个人获奖证书的复印件）\n\n6.职业认证\n\n🤗参与职业认证培训，并获得国家劳动和社会保障部等认证部门颁发的证书 2学分\n\n（要求学生本人有证书）\n\n7.出国实践\n\n🤔大学期间以各种方式赴境外学习、实践、考察、交流等  1学分/周\n\n（学生提供护照上出入境证明）\n\n8.创新实践课\n\n🥺包括创新方法训练课；基于项目的科研探索课；创新性、研究性实验课；结合社会实践或社会调查活动的实践选修课等 1～2学分\n\n9.听学术报告\n\n🥳听学术报告，并整理形成报告笔记，每次不少于500字 0.1学分/次\n\n（认定：学生需提供作学术报告的文字材料和学术报告组织方出具的证明材料）\n\n10.作学术报告\n\n🧐国内外学术会议 2学分\n\n🫡校内学术会议 1学分\n\n（学生本人作报告，第一署名单位为北京工业大学）\n\n11.参观重点实验室\n\n😗由班主任组织，参观国家或省部级重点实验室 0.1学分/个\n\n4.创新学分的收录\n\n在第七学期毕业资格审查前会组织学生填写并提交《北京工业大学本科生创新学分认定申请表》和各类创新活动成果证明材料。\n\nps：认定申请表见北京工业大学教务处《北京工业大学本科生创新学分实施办法》附件2','好好学习 创新学分介绍','','工大百科(学生整理)',NULL,'enabled','2026-07-14 15:44:34','2026-07-14 15:44:34'),(63,'好好学习','第二课堂','一、介绍\n\n第二课堂学生能力提升工程根据思想素质养成、政治觉悟提升、创新创业创造、实践实习实训、身心健康促进、文艺体育项目、技能特长培养、志愿公益服务等培养方向，设置德育、智育、体育、美育、劳育五个类型的课程\n\n二、学分设置标准\n\n1、必修学分为12学分，分为必选课程7学分和任选课程5学分\n\n2、“德智体美劳”五个类型中，每种类型的课程至少修满2学分\n\n三、报名与学分认定\n\n1、北京工业大学第二课堂管理系统：\n\n学习通-第二课堂\n\n进入之后在活动广场界面即可进行课程报名\n\n2、学分认证\n（1）素质教育学院、各学院（部）的素质教育办公室在第二课堂管理系统中发布、审核课程。学生通过系统进行选课报名、课程参与、课程评价和学分认证。\n\n（2）对于在第二课堂管理系统设置外完成的课程，需要认定第二课堂学分的，必须由学生本人在系统中申请认证，并且提交相关证明材料，由素质教育学院、各学院（部）的素质教育办公室共同审核通过后，认定相应学分。\n\n四、注意⚠️\n\n1、第二课堂的学分和成绩不计入学分通过率和加权平均分的计算。\n2、根据《北京工业大学本科学生学籍管理定》，第二课堂是学生获得毕业资格的必要条件，毕业资格审查时未按要求修满第二课堂必修学分的学生，应当延迟毕业\n3、为保障学生学习秩序，学生在校期间学分通过率低于 50%，除第二课堂必修 12 学分外，其他第二课堂课程不能认定学分。学习成绩符合要求后，可以恢复认定第二课堂课程。\n\n五、查看已获得的学分\n\n学习通-应用中心-第二课堂-成绩单','好好学习 第二课堂','','工大百科(学生整理)','[{\"url\": \"/kb-images/5c52e5bc08d955f5.jpg\", \"desc\": \"第二课堂管理办法第四章学分设置标准（第十条）条文\"}, {\"url\": \"/kb-images/91841707188a687a.jpg\", \"desc\": \"第二课堂必选课程和学分设置附录表格\"}, {\"url\": \"/kb-images/a523f8f4718d9955.jpg\", \"desc\": \"学习通App“我的单位”设置界面截图，含添加第二课堂单位的操作提示\"}, {\"url\": \"/kb-images/658982dcd6032e49.jpg\", \"desc\": \"学习通App应用中心（北京工业大学第二课堂学生端）界面截图，标注查看第二课堂成绩单入口\"}]','enabled','2026-07-14 23:30:42','2026-07-14 15:44:34'),(64,'好好学习','保研','北京工业大学保研实施办法（2025版）\n\n北京工业大学推荐优秀应届本科毕业生免试攻读研究生的实施办法\n\n第一章 总则\n\n第一条 为选拔综合素质高、创新能力强的优秀应届本科毕业生免试攻读研究生，本着公开、公平、公正的原则，根据教育部《全国普通高等学校推荐优秀应届本科毕业生免试攻读硕士学位研究生工作管理办法（试行）》（教学〔2006〕14号） 《教育部办公厅关于进一步加强推荐优秀应届本科毕业生免试攻读研究生工作的通知》（教学厅〔2013〕8 号）《教育部办公厅关于进一步完善推荐优秀应届本科毕业生免试攻读研究生工作办法的通知》（教学厅〔2014〕5 号）《教育部办公厅关于进一步规范和加强推荐优秀应届本科毕业生免试攻读研究生工作的通知》（教学厅〔2020〕12 号）等相关文件的要求及上级有关通知精神，结合我校实际，制定本办法。\n\n第二条 本办法适用于推荐优秀应届本科毕业生免试攻读研究生（以下简称“推免”）的申请、认定、审核、推荐等工作。\n\n第三条 学校成立推免工作领导小组，由学校分管本科教学的副校长担任组长，成员由教务处、研究生院、学生工作部（处）、校团委、就业创业指导中心等部门负责人组成。学校推免工作领导小组负责依据教育部推免工作政策和计划制定学校推免工作方案，并对其他重大事项进行集体议事及决策。学校推免工作领导小组办公室设在教务处。\n\n第四条 学院成立推免工作小组，由各学院主要负责人担任组长，人数不少于 5 人。学院推免工作小组负责依据本实施办法制定学院推免工作方案，组织开展学生申请、资格审核、遴选公示等工作。\n\n第五条 学校纪检监察部门对推免工作实行全程监督。\n\n第二章 申请条件\n\n第六条 申请推免应具备下列条件\n\n（一）具有高尚的爱国主义情操和集体主义精神，社会主义信念坚定，社会责任感强，遵纪守法，积极向上，身心健康。\n\n（二）诚实守信，学风端正，品行优良，在校学习期间无任何考试违纪、作弊、剽窃他人学术成果等行为及其他违纪违法行为。\n\n（三）勤奋学习，刻苦钻研，成绩优秀，修读并获得本年级专业培养方案中本科指导性教学计划规定的前三学年（五年制专业为前四学年）学分。\n\n（四）学术研究兴趣浓厚，有较强的创新意识、科研能力和专业能力。\n\n（五）纳入国家普通本科招生计划录取的应届毕业生（不含专升本、第二学士学位、独立学院学生），且未参加过往年推免。\n\n第三章 工作要求\n\n第七条 推免工作遵照国家有关规定，实行报备和回避制度。工作人员有直系亲属或利益相关人员申请推免的应主动申请回避，有非直系亲属申请推免的应主动报备。学生有直系亲属或利益相关人员担任工作人员的，本人申请推免时也应主动报备。对未按规定申请回避或主动报备的工作人员，学校将按照相关规定处理。对未按规定主动报备的学生，学校将取消其推免资格。\n\n第八条 推免申请只面向应届本科毕业生，应申请年份按照所在年级确定。\n\n第九条 学生思想品德审查结果是推免的首要依据，不合格者不予推荐。\n\n第十条 规范核算学生成绩，确保加权平均分准确无误， 对学生科研成果、竞赛获奖、发表论文专利等的真实性进行审核鉴定，坚决杜绝弄虚作假。\n\n第十一条 获得推免资格的学生须按照学校要求签署承诺书，签署后不得放弃推免资格。\n\n第十二条 获得推免资格的学生应在当年教育部规定的推免生接收工作时间内自主联系接收单位，并通过“推免服务系 统”查询研究生招生单位的接收推免生工作办法和专业目录， 填写报考志愿，接收并确认研究生招生单位的复试及待录取通知，录取后按时报到。\n\n第四章 排序办法\n\n第十三条 将科技创新、志愿及社会服务、参军入伍服兵役等方面的表现纳入到推免综合评价，依据综合积分进行排 序。综合积分为:该生前三学年（五年制专业为前四学年）已修课程的加权平均分、科技创新奖励加分、志愿及社会服务奖励加分、参军入伍服兵役奖励加分之和。所有课程成绩均以第一次正考的成绩计算。涉及奖励加分的证书或成绩公布（公示） 日期截止时间为推免当年 8 月 31 日。\n\n从 2024 级开始，通识教育选修课不纳入推免加权平均分计算。\n\n第十四条 科技创新奖励加分\n\n（一）获得科技竞赛奖项的，依据《北京工业大学本科生科技竞赛管理办法》及《北京工业大学本科生科技竞赛认定目录》认定，每个奖项只认定前三人。\n\nA 类竞赛奖励加分计算办法：国际/国家级竞赛特等奖加 4 分、一等奖加 3 分、二等奖加 2 分、三等奖加 1 分；省部级竞 赛特等奖加 2 分、一等奖加 1 分，二等奖及以下不加分。\n\nB 类竞赛奖励加分依据二级机构 B 类竞赛实施细则计算，B 类竞赛奖励加分最高分值不高于 2 分。\n\n（二）获得北京工业大学“星火基金”优秀项目者，项目 负责人加 1 分。参加北京工业大学“国家级大学生创新创业训 练计划”项目并完成结题者，项目负责人加 1 分。\n\n（三）科技创新奖励加分仅认定一项，不累加，上限为 4 分。\n\n第十五条 志愿及社会服务奖励加分\n\n（一）获得全国志愿服务“四个 100”最美志愿者、优秀 学生干部、优秀共青团干部、优秀共青团员加 1.5 分，获得北 京市上述对应奖项加 1 分。\n\n（二）志愿及社会服务奖励加分仅认定一项，不累加，上 限为 1.5 分。\n\n第十六条 参军入伍服兵役奖励加分\n\n（一）退役大学生在部队服义务兵役期间表现良好，没有违纪情况，退役复学后加 3 分。\n\n（二）经核实退役大学生档案，在部队获得“优秀新兵” “优秀学兵”的，加 1 分；获得“四有士兵”“嘉奖”的，加 1.5 分；立三等功的，加 2 分；立二等功及以上的，按国家有关文件规定执行。本条目加分不累加。\n\n（三）获得“北京市优秀退役大学生士兵”“北京榜样”“北 京市最美退役军人”的，加 2 分；获得“全国最美退役军人” 的，加 3 分。本条目加分不累加。\n\n（四）复学后在学校学习期间，参加北京工业大学国旗护卫队，为学校国防教育做出贡献的，经人民武装部认定，每学期加 0.25 分。\n\n（五）参军入伍服兵役奖励加分上限为 6 分。\n\n第五章 工作程序\n\n第十七条 推免工作按以下程序进行\n\n（一）学校推免工作领导小组根据教育部下达的指标和实际工作需求确定推免名额并分配到学院。\n\n（二）学院推免工作小组制定学院推免工作方案，经学院党政联席会讨论通过后报教务处备案。学院推免工作小组下设 专门的推免材料审核专家组，人数不少于 5 人，可根据工作需 要邀请本研究领域校外的权威专家、相关期刊的主管单位或赛 事主办单位等加入。\n\n（三）学院推免工作小组解读学院推免工作方案，在规定时间内组织学生申请并按要求提交推免材料。学生未按时申请 或推免材料提交不齐，视为自愿放弃。\n\n（四）学院推免工作小组负责组织对申请推免学生进行思想品德审查及材料审核等，对符合申请条件者进行综合评价及 排序，按分配名额确定拟推荐名单及候补名单。将拟推荐名单 及候补名单在学院网站公示。\n\n（五）教务处对学院推免工作小组报送的名单进行形式审 查后公示。公示有异议的，由学院推免工作小组核实后进行相应处理，将结果报送学校推免工作领导小组。公示无异议的， 报教育部“推免服务系统”。\n\n第六章 专项推荐\n\n第十八条 已申请推免且符合条件，加权平均分排名在本专业前 40%（≤40%）的学生还可参加专项推荐。专项推荐由教务处、研究生院、校团委负责组织。\n\n（一）学术专长专项\n\n满足以下条件之一，由三名本校本专业教授联名推荐，经所在学院审批后，教务处组织答辩，择优推荐。具体条件为：\n\n1.获 A 类科技竞赛国际/国家级一等奖及以上奖项。获奖依据《北京工业大学本科生科技竞赛管理办法》及《北京工业大学本科生科技竞赛认定目录》认定，按照顺序只认定前三人。证书或成绩公布（公示）日期截止时间为推免当年 8 月 31 日。\n\n2.以第一作者（自然排序为第一）在学术期刊（不含学术预警期刊，按照统计截止时间的中科院预警期刊名单认定）正刊上发表与所学专业相关的论文，认定条件为：正式见刊日期截止时间为推免当年 8 月 31 日，且所刊发的期刊在当年《中文核心期刊要目总览》（北京大学出版社）收录范围内，或属于当年被 SCI、EI、SSCI、A&HCI、CSSCI 检索的刊源；署名第一完成单位为北京工业大学；论文应有校内相关科研项目支撑，通讯作者应为本校指导教师（不含兼职教师）。\n\n与直系亲属或利益相关人员合作的论文不予认定。\n\n3.以第一发明人获得与所学专业相关的发明专利或实用新型专利授权，认定条件为：正式授权日期截止时间为推免当年 8 月 31 日；专利权人为北京工业大学；专利应有校内相关科研项目支撑，发明人代表应为本校指导教师（不含兼职教师）。\n\n与直系亲属或利益相关人员合作的专利不予认定。\n\n（二）工程硕博士专项\n\n经所在学院审批后，研究生院组织答辩，择优推荐。选拔条件、程序以研究生院相关要求为准。\n\n（三）研究生支教团专项\n\n经所在学院审批后，校团委组织答辩，择优推荐。选拔条件、程序以校团委相关要求为准。\n\n第七章 取消推荐\n\n第十九条 获得推免资格的学生，有下列情形之一，学校将取消其推免资格。已入学的，学校将函告录取单位按照有关\n\n规定处理。\n\n（一）受到警告（含）以上处分；\n\n（二）有论文抄袭等学术不端行为或虚报材料等弄虚作假行为者。\n\n第八章 附则\n\n第二十条 本办法自发布之日起开始施行，《北京工业大学推荐优秀应届本科毕业生免试攻读硕士学位研究生的实施办法》（工大发〔2020〕43 号）同时废止。\n\n第二十一条 本办法施行后，学校其他文件相关规定与本办法相冲突的，按照本办法执行。\n\n第二十二条 本办法施行后，本办法与上级工作要求相冲突的，按照上级工作要求执行。\n\n第二十三条 本办法由学校推免工作领导小组负责解释。','好好学习 保研','','工大百科(学生整理)','[{\"url\": \"/kb-images/81b843558d636403.jpg\", \"desc\": \"2026届各学院保研率统计表（制作：@工大喵）\"}]','enabled','2026-07-14 23:56:41','2026-07-14 15:44:34'),(65,'好好学习','科技竞赛','本科生科技竞赛管理办法2025.pdf\n\n375.04 KB\n\n查看\n\n科技竞赛名录.pdf\n\n203.16 KB\n\n查看','好好学习 科技竞赛','','工大百科(学生整理)',NULL,'enabled','2026-07-14 15:44:34','2026-07-14 15:44:34'),(66,'经验分享','经验分享','本章节介绍工大学长学姐分享的各种经验，感谢他们的分享，赠人玫瑰，手有余香~\n\n也欢迎大家找喵喵投稿分享，我们共同创建一个互助、分享的校园社区\n\n转专业经验分享\n\n选修课经验分享','经验分享','','工大百科(学生整理)',NULL,'enabled','2026-07-14 15:44:34','2026-07-14 15:44:34'),(67,'经验分享','转专业经验分享','计算机\n\n一个转了专业的学长关于转专业的考虑&转专业的准备以及一些问题\n\n法学\n\n关于法学转专业的问题，解答来啦！\n\n专业探索 | 转专业专题（下）\n\n专业探索 | 转专业专题（上）','经验分享 转专业经验分享','','工大百科(学生整理)',NULL,'enabled','2026-07-14 15:44:34','2026-07-14 15:44:34'),(68,'温暖工大','生活补贴','北京工业大学学生生活补贴发放办法\n\n1、目前在校学习期间的大学生都享有政府发给的每人每月 60 元生活补贴，每年共发放 10 个月。毕业生生活补贴发至毕业当年 7 月份。\n\n2、学生因学籍变动提前离校，财务处自接到学生处通知后停发其生活补贴。\n\n3、休学学生，自休学之日第 2 个月起停发生活补贴，复学生后由个人申请恢复生活补贴之日的第 2 个月开始发放。','温暖工大 生活补贴','','工大百科(学生整理)','[{\"url\": \"/kb-images/6f23506d57810183.jpg\", \"desc\": \"《北京工业大学学生生活补贴发放办法》文字说明（3.4其他事务）\"}]','enabled','2026-07-14 23:30:42','2026-07-14 15:44:34'),(69,'温暖工大','心理咨询','北京工业大学学生心理发展指导中心，是专门为北工大广大学生提供心理健康服务的专门机构。\n\n当你遇到心理困扰不知如何排解，欢迎来到学生心理发展指导中心。在这里可以获得专业心理咨询师的帮助\n\n预约方式\n\n2.\n电话预约：67392075，与预约员进行预约。\n\n3.\n面对面预约（平乐园校区）：学生综合服务楼三层心理发展指导中心预约台处进行预约。\n\n预约时间\n\n周一至周五 8:00-17:00\n\n心理咨询地址\n\n平乐园校区：学生综合服务楼三层\n\n通州校区：问渠楼105、106\n\n中蓝校区：蓝静园一楼0109\n\n参考资料\n\n在北工大，从“心”开始！\nhttps://mp.weixin.qq.com/s/OmRHgicdOKOPnax1igAOiw','温暖工大 心理咨询','','工大百科(学生整理)','[{\"url\": \"/kb-images/b4b9d6bad4726abd.jpg\", \"desc\": \"心理中心走廊照片，墙边有心理学书架、书籍、绿植和相框（照片，无文字信息）\"}, {\"url\": \"/kb-images/8ae71208a1150c5b.jpg\", \"desc\": \"心理中心路线图（楼层平面示意图）\"}]','enabled','2026-07-14 23:56:41','2026-07-14 15:44:34'),(70,'温暖工大','校医院和公费医疗','免责声明：本文内容仅做参考，具体政策可能会有变化，请以学校官方文件为准！\n\n当大学生，就不能只当大学生，生病了，就不能只说生病，我们是北工大尊贵的公费医疗大学生！😎\n\n公费医疗是帮助大家看病治病的重要优惠政策，本章将从公费医疗管理办法解读、手把手教你挂号看病、如何报销三个方面进行讲解。\n\n公费医疗是怎么一回事？\n\n说白了：看病学校掏钱（按照一定比例报销）\n\n享受公费医疗待遇的人员范围如下图\n\n如何按公费医疗挂号就诊？\n\n1. 校医院就诊\n\n平时的一些感冒或者小伤可以直接在校医院治疗处理\n\n挂号步骤⚠️：\n\n公众号：北京工业大学医院，进入线上挂号界面\n\n在这里可以进行当日挂号和预约挂号\n\n挂号注意⚠️：大部分科室号源充足，当日可挂当日号，口腔科和中医推拿就诊人数较多，需要提前预约抢号！\n\n就诊过程⚠️：携带校园一卡通前往校医院对应科室即可，刷卡消费，当场报销！\n\n2. 友谊医院转诊（就诊）\n\n校医院不能诊治开转诊单/周末节假日，需要转诊到友谊医院就诊，预约挂号步骤如下（急诊无需预约挂号，直接前往急诊科室即可）：\n\n就诊过程：（没独自去过医院的宝宝注意看啦！）\n\n门诊过程⚠️：携带身份证，自行在预约时间前往友谊医院，先在自助机或人工窗口取号，然后前往对应科室门口等待叫号。\n\n买药过程⚠️：如医生开处方药，先到自助机或人工窗口缴费，凭开药底方和缴费票据前往药房取药。\n\n拍片过程⚠️：如需拍片或核磁，先拿医生开的票据前往自助机或窗口缴费，然后在放射科登记处报到签字，等待叫号，拍片不能携带金属首饰和电子设备！\n\n如何报销？\n\n1、学生携带符合规定报销材料(校医院转诊单、上级医院发票、药费底方、收费明细（电子票据也可）、住院病人有出院诊断证明），送到学生一站式服务大厅（学综楼四层东侧）。\n\n2、一站式服务大厅工作人员收取报销单据，协助学生网上填报，也可以自助网上填报打印报销单据。\n\n3、一站式服务大厅工作人员将打印报销单据并送到校医院公费医疗办公室，公疗办工作人员对报销单据进行审核。\n\n4、审核完毕，学校财务处工作人员到公费医疗办公室取走报销单据，财务处审核后报销款打入学生本人银行卡。\n\n5、学生随时关注企业微信查看报销进度。\n\n查看方法⚠️：\n\nPS：报销须知：\n\n1、周一至周五工作日就诊须知\n学生携带校园一卡通到医务室（校医院）就诊，如果校医院大夫不能诊治，需要由大夫开转诊单转到合同医院，北京友谊医院（通州院区或西城院区）就诊。（门诊必须先开转诊单再去就诊，未经转诊，自行在校外医院就诊，费用自理，转诊单（原则上）不能补开（急诊除外）\n\n2、节假日、寒暑假就诊须知\n周六、周日全天、法定节假日、寒暑假可在北京友谊医院通州院区或西城院区门诊、急诊就诊（不需要开转诊单）报销90%，也可以去居家附近的医保定点医院看急诊，报销50%。\n\n非京籍的学生回家后，周六、周日全天、法定节假日、寒暑假可去居家附近的医保定点医院看急诊，报销50%。（门诊不能报销）\n\n寒暑假校医院安排，周一和周四上午内外科门诊值班，也可以到校医院就诊。报销95%\n\n参考资料\n\n更多关于公费医疗的细节，请参考《北京工业大学公费医疗管理办法》','温暖工大 校医院和公费医疗','','工大百科(学生整理)','[{\"url\": \"/kb-images/fbb353a99f8cdf3b.jpg\", \"desc\": \"公费医疗管理办法第二条“享受公费医疗待遇的人员范围”条文\"}, {\"url\": \"/kb-images/a85809b04ae8a867.jpg\", \"desc\": \"微信搜索“北京工业大学医院”公众号的结果页截图，红框标注“线上挂号”入口\"}, {\"url\": \"/kb-images/21c8896d6c8500a1.jpg\", \"desc\": \"医院公众号首页截图，红框标注学生当日挂号和预约挂号入口\"}, {\"url\": \"/kb-images/da0c1d7350e49839.jpg\", \"desc\": \"微信搜索“友谊医院”的搜索结果页面截图，展示北京友谊医院的信息卡片，标注操作步骤一。\"}, {\"url\": \"/kb-images/bd3636e790cbda8e.jpg\", \"desc\": \"北京友谊医院“院区选择”页面截图，列出三个院区及地址，标注操作步骤二。\"}, {\"url\": \"/kb-images/2c9f1cabb9fecc4f.jpg\", \"desc\": \"北京友谊医院患者服务小程序首页截图，红框标出“预约挂号”入口，标注操作步骤三。\"}]','enabled','2026-07-14 23:56:41','2026-07-14 15:44:34'),(71,'app_usage','这个小程序有哪些功能','探校之旅是给北工大平乐园校区新生的引导小程序，首页有几个入口：1. 故事模式——看剧情、办事流程、勋章、存档；2. 校园地图——看平乐园平面图；3. AI 新生助手——问校园问题；4. 我的——完善个人信息、退出登录。','小程序 功能 首页 主页 有什么 入口 干嘛 怎么用 探校之旅','','app_usage(小程序说明)',NULL,'enabled','2026-07-16 04:44:06','2026-07-16 04:44:06'),(72,'app_usage','怎么看剧情/故事','有两个入口：1. 首页进\"故事模式\"，选一个长故事（浏览校园、大学规划）进入；2. 短故事（办事流程）在\"故事模式\"里点\"流程地图\"，再点地图上的地点标记进入。进入后轻触屏幕一句句往下看对话；遇到选项就点选项。','剧情 故事 怎么看 播放 对话 进入 故事模式','','app_usage(小程序说明)',NULL,'enabled','2026-07-16 04:44:06','2026-07-16 04:44:06'),(73,'app_usage','都有哪些剧情可以体验','长故事（在\"故事模式\"里）：浏览校园、大学规划。短故事（在\"流程地图\"点地点进入）：医保报销、一卡通补办、选课攻略、境外交流。长故事支持存档，短故事不支持。','有哪些 剧情 故事 多少 都有什么 浏览校园 大学规划 选课 境外交流 一卡通补办 医保','','app_usage(小程序说明)',NULL,'enabled','2026-07-16 04:44:06','2026-07-16 04:44:06'),(74,'app_usage','剧情里出现选项/怎么选分支','有的剧情会弹出选择面板：比如大学规划让你选保研、考研、出国还是就业；浏览校园让你选去学习区还是运动区。点你想看的选项就会走对应的分支，很多分支看完还能回到选择点，继续看别的。','选项 选择 分支 面板 保研 考研 怎么选 剧情选项 学习区 运动区','','app_usage(小程序说明)',NULL,'enabled','2026-07-16 04:44:06','2026-07-16 04:44:06'),(75,'app_usage','浏览校园剧情怎么玩','浏览校园是长剧情，跟着学姐从生活区一路逛。中途会让你选去学习区还是运动区；选学习区会根据你填的专业带你去对应的学院楼（没填专业会提示先去\"我的\"里填）。每个地点可以点\"地点地图\"看它在校园里高亮的位置。逛到食堂、运动区还会解锁\"时间徽章\"。','浏览校园 怎么玩 地点地图 高亮 专业 学习区 运动区 学姐 分区','','app_usage(小程序说明)',NULL,'enabled','2026-07-16 04:44:06','2026-07-16 04:44:06'),(76,'app_usage','怎么存档','两个长故事（浏览校园、大学规划）在播放中点\"保存进度\"就能存档，每个故事最多 5 个存档。短故事（办事流程那几个）不支持存档。','存档 保存 进度 存不了 最多几个 大学规划 浏览校园 5个','','app_usage(小程序说明)',NULL,'enabled','2026-07-16 04:44:06','2026-07-16 04:44:06'),(77,'app_usage','怎么读档/继续上次进度','在\"存档\"页找到那条存档，点\"继续\"，就接着上次的进度往下看。','读档 继续 上次 进度 载入 存档页','','app_usage(小程序说明)',NULL,'enabled','2026-07-16 04:44:06','2026-07-16 04:44:06'),(78,'app_usage','勋章怎么获得，有哪些勋章','完整看完一个故事、点\"完成\"，就能拿到对应勋章（比如校园探索者、规划达人、选课达人、交流先锋、补办高手、医疗达人）。逛浏览校园走到食堂、运动区还会即时解锁\"食堂时间通\"\"运动时间通\"两枚时间徽章，点这两枚可以看全部开放时间和价格。所有勋章在\"勋章墙\"里查看，没获得的显示为灰色。','勋章 徽章 怎么得 获得 有哪些 勋章墙 时间徽章 食堂时间通 运动时间通 灰色 完成','','app_usage(小程序说明)',NULL,'enabled','2026-07-16 04:44:06','2026-07-16 04:44:06'),(79,'app_usage','办事流程/短故事在哪里看','在\"故事模式\"里点\"流程地图\"，地图上有几个地点标记：医保报销、一卡通补办、选课攻略、境外交流。点标记就能进对应的短故事，看具体办事步骤。','办事 流程 短故事 在哪 流程地图 医保 一卡通补办 选课 境外交流 标记 步骤','','app_usage(小程序说明)',NULL,'enabled','2026-07-16 04:44:06','2026-07-16 04:44:06'),(80,'app_usage','校园地图怎么用','首页点\"校园地图\"就能看平乐园校区平面图，支持双指缩放、拖动查看；长按图片可以保存到相册。','地图 校园地图 缩放 保存 平面图 拖动 相册','','app_usage(小程序说明)',NULL,'enabled','2026-07-16 04:44:06','2026-07-16 04:44:06'),(81,'app_usage','AI 新生助手怎么用','首页点\"AI 新生助手\"进入，直接输入你的问题（报到、一卡通、宿舍、食堂、校车这类校园问题都能问），它会一句句回答；像校历、校车时间表、校园地图这类还会在回答下方自动配图。下面有\"猜你想问\"可以接着点，回答可以点赞或点\"没用\"给我们反馈。它只答北工大新生的校园问题，答不上会老实说不确定、建议你问相关部门。','AI 助手 小助手 怎么问 机器人 问答 猜你想问 配图 反馈 点赞','','app_usage(小程序说明)',NULL,'enabled','2026-07-16 04:44:06','2026-07-16 04:44:06'),(82,'app_usage','怎么完善或修改个人信息','在\"我的\"页可以填写和修改姓名、性别、年级、学院、专业。其中学院和专业会影响浏览校园剧情里给你带哪条专业路线，建议填准确。','个人信息 资料 完善 修改 姓名 学院 专业 我的 填写 年级','','app_usage(小程序说明)',NULL,'enabled','2026-07-16 04:44:06','2026-07-16 04:44:06'),(83,'app_usage','管理员后台/数据管理入口在哪','管理员入口只对管理员开放，普通同学看不到、也用不到。如果你是管理员，会在\"我的\"页看到\"数据管理\"入口，点进去用管理员账号和密码登录后台；普通用户看不到这个入口是正常的。','管理员 后台 数据管理 登录 admin 入口 看不到 隔离','','app_usage(小程序说明)',NULL,'enabled','2026-07-16 04:44:06','2026-07-16 04:44:06');
/*!40000 ALTER TABLE `kb_entries` ENABLE KEYS */;
UNLOCK TABLES;
/*!40103 SET TIME_ZONE=@OLD_TIME_ZONE */;

/*!40101 SET SQL_MODE=@OLD_SQL_MODE */;
/*!40014 SET FOREIGN_KEY_CHECKS=@OLD_FOREIGN_KEY_CHECKS */;
/*!40014 SET UNIQUE_CHECKS=@OLD_UNIQUE_CHECKS */;
/*!40101 SET CHARACTER_SET_CLIENT=@OLD_CHARACTER_SET_CLIENT */;
/*!40101 SET CHARACTER_SET_RESULTS=@OLD_CHARACTER_SET_RESULTS */;
/*!40101 SET COLLATION_CONNECTION=@OLD_COLLATION_CONNECTION */;
/*!40111 SET SQL_NOTES=@OLD_SQL_NOTES */;

SET FOREIGN_KEY_CHECKS=1;
